customer_id,name,gender,age,city,region,signup_date
796,Sanjay Patel,Male,25,Jaipur,North,2021-11-01
1469,Manoj Mukherjee,Male,25,Chandigarh,North,2022-11-11
479,Rahul Joshi,Male,45,Patna,East,2022-09-16
808,Rahul Patel,Male,26,Nagpur,West,2022-04-07
1506,Ananya Mehta,Other,34,Mumbai,West,2022-12-26
1280,Pooja Pandey,Other,26,Delhi,North,2022-12-21
1144,Sara Mukherjee,Female,18,Ahmedabad,West,
1433,Sai Thakur,Male,44,Guwahati,East,2021-11-13
84,Myra Yadav,Female,35,Surat,West,
1957,Diya Desai,Female,40,Nagpur,West,2022-12-23
1582,Jiya Nair,Female,18,Chandigarh,North,2022-05-10
1327,Diya Iyer,Female,29,Bangalore,South,2021-01-15
1024,Deepak Pandey,Male,43,Kochi,South,2022-11-23
897,Arun Shah,Male,21,Nagpur,West,2022-08-05
771,Ravi Patel,Male,40,Chennai,South,2022-07-17
1148,Aditya Desai,Male,34,Ahmedabad,West,2022-10-16
1835,Saanvi Yadav,Female,26,Kochi,South,24-01-2022
1906,Ravi Nair,Male,26,Kolkata,East,06-08-2022
1066,Sai Sharma,Male,23,Dehradun,North,2022-01-12
1459,Reyansh Patel,Male,35,Lucknow,North,2022-05-16
998,Diya Rao,Female,36,Jaipur,North,2022-08-13
793,Aditya Mukherjee,Male,30,Lucknow,North,2022-12-17
770,Neha Gupta,Female,23,Chandigarh,North,2022-11-30
1258,Arjun Nair,Male,18,Surat,West,2021-07-26
353,Jiya Reddy,Female,39,Delhi,North,2022-09-12
267,Riya Patel,Female,44,Ahmedabad,West,2022-09-28
1683,Anita Menon,Female,41,Pune,West,2022-12-21
43,Sara Reddy,Female,57,Pune,West,2022-08-25
529,Rahul Sen,Male,32,Nagpur,West,23-12-2022
98,Deepak Yadav,Male,50,Nagpur,West,2022-03-30
1072,Aditya Singh,Male,27,Mumbai,West,2022-11-30
1868,Meera Singh,Female,26,Nagpur,West,2022-10-21
1014,Reyansh Das,Male,36,Kolkata,East,2022-11-21
1412,Anita Kumar,Female,52,Chandigarh,North,2021-12-19
1565,Anita Patel,Female,31,Coimbatore,South,2020-12-07
831,Myra Bose,Female,18,Ranchi,East,2022-04-10
839,Vikram Mukherjee,Male,44,Delhi,North,15-08-2022
1124,Pooja Iyer,Female,34,Dehradun,North,2022-08-31
702,Jiya Iyer,Female,38,Bhubaneswar,East,2022-02-25
343,Lakshmi Menon,Female,26,Kolkata,East,2022-10-07
1673,Sanjay Reddy,Male,36,Chennai,South,2022-11-02
1797,Meera Mehta,Female,19,Lucknow,North,2022-03-24
803,Krishna Sen,Male,55,Jaipur,North,2022-03-20
828,Amit Mehta,Male,46,Surat,West,2022-10-03
1294,Saanvi Desai,Female,35,Ahmedabad,West,2022-12-02
1669,Manoj Sen,Male,44,Bhubaneswar,East,2022-06-01
1620,Deepak Bose,Male,27,Patna,East,2022-01-16
1716,Vivaan Menon,Male,46,Guwahati,East,2021-11-02
1676,Arjun Das,Male,31,Lucknow,North,2022-11-26
1893,Meera Verma,Female,30,Coimbatore,South,2021-11-24
138,Amit Patel,Male,24,Kochi,South,2022-09-19
216,Arjun Singh,Male,39,Surat,West,2022-07-14
1161,Meera Singh,Other,35,Dehradun,North,2021-04-27
28,Vivaan Singh,Male,50,Surat,West,2022-09-26
277,Manoj Singh,Male,23,Coimbatore,South,2021-12-13
1622,Amit Mukherjee,Male,39,Coimbatore,South,2022-09-23
1926,Anita Roy,Female,48,Ahmedabad,West,2022-05-18
1988,Ravi Mukherjee,Male,63,Bangalore,South,2021-11-30
1390,Krishna Pandey,Male,37,Jaipur,North,2022-11-25
423,Lakshmi Singh,Female,31,Pune,West,15-01-2022
265,Aarav Sen,Male,36,Chennai,South,2022-05-24
173,Manoj Rao,Male,49,Mumbai,West,2022-10-26
316,Kavita Thakur,Female,49,Guwahati,East,2022-09-13
732,Vikram Choudhury,Male,33,Hyderabad,South,2022-10-14
254,Krishna Nair,Male,49,Patna,East,2022-10-20
965,Anita Yadav,Other,34,Jaipur,North,2022-11-28
400,Raj Menon,Male,44,Dehradun,North,2022-12-13
1798,Meera Singh,Other,41,Hyderabad,South,2022-11-13
1232,Sanjay Iyer,Male,30,Kochi,South,2022-09-16
252,Pooja Choudhury,Female,24,Pune,West,28-04-2022
355,Vivaan Thakur,Male,48,Pune,West,2022-10-15
1960,Ravi Desai,Male,51,Mumbai,West,2022-02-04
1886,Sai Das,Male,39,Surat,West,2022-07-05
875,Amit Desai,Male,34,Bangalore,South,2022-12-08
1804,Krishna Choudhury,Male,22,Mumbai,West,2022-06-07
1067,Sai Verma,Male,48,Surat,West,2022-12-20
1354,Amit Verma,Male,38,Dehradun,North,2022-11-16
1247,Kavita Menon,Female,32,Ranchi,East,2022-02-09
1524,Aadhya Bose,Female,44,Patna,East,2022-06-02
856,Sanjay Iyer,Male,20,Chennai,South,
1938,Ishaan Kumar,Male,23,Guwahati,East,2022-12-26
184,Myra Mehta,Female,27,Pune,West,2022-10-28
61,Krishna Sharma,Male,40,Chennai,South,2021-12-29
574,Vikram Menon,Male,36,Ranchi,East,15-04-2022
92,Diya Thakur,Female,41,Lucknow,North,2022-11-08
69,Anita Yadav,Female,47,Lucknow,North,2021-10-31
739,Reyansh Roy,Male,42,Dehradun,North,2022-12-11
988,Jiya Choudhury,Female,55,Pune,West,2022-09-17
768,Myra Bose,Female,47,Hyderabad,South,12-08-2022
1750,Manoj Reddy,Male,33,Patna,East,2022-10-07
1813,Riya Gupta,Female,29,Nagpur,West,2022-05-04
1360,Riya Verma,Female,34,Ranchi,East,2021-10-08
1225,Riya Thakur,Female,42,Mumbai,West,2022-10-31
133,Priya Mukherjee,Female,30,Jaipur,North,2021-10-24
1250,Vivaan Patel,Male,43,Surat,West,
1033,Geeta Shah,Female,41,Surat,West,2021-05-19
927,Lakshmi Mehta,Female,24,Dehradun,North,17-02-2022
1172,Deepak Bose,Male,46,Chandigarh,North,2022-11-03
1685,Anita Sen,Female,39,Nagpur,West,2022-12-14
123,Krishna Joshi,Male,55,Patna,East,2022-11-13
1751,Sara Verma,Female,34,Surat,West,2022-10-29
528,Ananya Joshi,Female,31,Delhi,North,2022-07-21
1601,Vivaan Joshi,Male,23,Surat,West,2022-05-02
1115,Diya Singh,Female,23,Bhubaneswar,East,2022-12-24
1002,Kavita Mukherjee,Female,45,Bhubaneswar,East,2021-11-26
197,Neha Das,Female,53,Bangalore,South,2022-11-26
1407,Saanvi Iyer,Female,33,Nagpur,West,2022-03-23
1915,Lakshmi Bose,Other,33,Kochi,South,2022-12-26
1332,Sai Choudhury,Male,35,Patna,East,2022-12-21
464,Riya Verma,Female,47,Guwahati,East,2022-02-15
1184,Krishna Nair,Male,24,Delhi,North,2022-12-15
402,Myra Choudhury,Female,37,Pune,West,
1364,Diya Patel,Female,45,Dehradun,North,2021-12-17
68,Jiya Reddy,Female,40,Ahmedabad,West,2022-08-02
1678,Priya Reddy,Female,18,Mumbai,West,2022-10-25
369,Neha Yadav,Female,42,Patna,East,2022-09-21
1943,Vikram Menon,Male,40,Coimbatore,South,2021-11-26
70,Rahul Bose,Male,50,Surat,West,18-09-2022
820,Vikram Reddy,Male,52,Kochi,South,24-07-2022
1164,Ananya Nair,Female,49,Ranchi,East,2022-05-28
1377,Reyansh Reddy,Male,35,Kochi,South,2022-12-13
1581,Vikram Nair,Male,18,Surat,West,2022-10-06
592,Jiya Sen,Female,58,Lucknow,North,2021-07-09
1032,Jiya Kumar,Female,33,Nagpur,West,2022-07-20
427,Diya Patel,Female,35,Mumbai,West,2022-07-05
1420,Krishna Patel,Male,53,Mumbai,West,2022-12-19
709,Vivaan Rao,Male,26,Ranchi,East,2022-09-08
760,Ananya Sharma,Female,20,Guwahati,East,24-12-2022
1905,Amit Sharma,Male,30,Guwahati,East,2021-04-01
788,Sara Gupta,Female,27,Patna,East,2022-10-21
188,Meera Nair,Female,19,Mumbai,West,2022-07-16
548,Krishna Yadav,Male,34,Delhi,North,2022-11-03
1624,Diya Patel,Female,35,Kochi,South,2023-01-01
972,Aarav Yadav,Male,18,Jaipur,North,2022-12-31
1276,Kavita Mukherjee,Female,31,Mumbai,West,2022-03-15
1635,Neha Reddy,Female,26,Nagpur,West,2022-08-02
1292,Aditya Thakur,Male,18,Nagpur,West,2021-09-05
1038,Vikram Sharma,Male,36,Nagpur,West,02-10-2022
1546,Myra Menon,Female,37,Chandigarh,North,2022-12-11
1950,Kavita Mehta,Female,26,Pune,West,2022-10-17
1496,Myra Bose,Female,46,Ahmedabad,West,
33,Kavita Rao,Female,35,Nagpur,West,2022-05-28
1259,Ananya Iyer,Female,27,Kochi,South,2022-09-25
1833,Deepak Das,Male,18,Dehradun,North,2022-09-28
1931,Amit Joshi,Male,37,Mumbai,West,2022-07-17
292,Reyansh Pandey,Male,40,Hyderabad,South,
1880,Rahul Nair,Male,29,Delhi,North,2022-11-09
1240,Manoj Das,Male,36,Delhi,North,2022-12-21
1480,Vikram Mehta,Male,52,Jaipur,North,2022-12-11
298,Krishna Mukherjee,Male,44,Guwahati,East,2022-10-06
1333,Raj Roy,Male,18,Chandigarh,North,2022-12-09
1224,Arun Patel,Male,27,Chennai,South,2022-09-26
731,Priya Sen,Female,33,Lucknow,North,
1932,Lakshmi Desai,Female,35,Kochi,South,2022-10-15
653,Aadhya Menon,Female,36,Chennai,South,2022-06-11
519,Deepak Desai,Male,39,Kochi,South,2022-10-13
1101,Kavita Mehta,Female,33,Kochi,South,2022-07-04
1549,Priya Mukherjee,Female,35,Pune,West,2021-10-18
1234,Riya Yadav,Female,45,Lucknow,North,2022-05-15
1626,Ravi Thakur,Male,38,Bhubaneswar,East,2022-12-09
1476,Geeta Mehta,Female,22,Dehradun,North,2022-12-30
25,Manoj Yadav,Male,36,Bangalore,South,2022-09-25
1176,Aditya Gupta,Male,33,Ahmedabad,West,2022-07-31
536,Lakshmi Desai,Female,18,Surat,West,
1696,Manoj Choudhury,Male,36,Ranchi,East,2022-10-18
1803,Sanjay Thakur,Male,23,Ranchi,East,2022-05-11
1809,Jiya Gupta,Other,45,Bangalore,South,03-06-2022
1978,Amit Desai,Male,39,Patna,East,2022-09-22
1110,Arjun Sen,Male,21,Surat,West,2022-10-28
801,Arjun Sharma,Male,45,Mumbai,West,2022-03-27
1504,Krishna Bose,Male,50,Chandigarh,North,2022-02-24
1659,Sanjay Joshi,Male,32,Pune,West,2022-01-16
1628,Lakshmi Sharma,Female,33,Pune,West,2022-10-24
1689,Aarav Yadav,Male,43,Lucknow,North,2022-07-28
1580,Myra Mukherjee,Female,49,Dehradun,North,2022-05-26
157,Sanjay Gupta,Male,18,Kochi,South,2022-06-06
546,Lakshmi Rao,Female,22,Bangalore,South,2022-09-22
1516,Saanvi Thakur,Female,30,Ahmedabad,West,2022-12-05
266,Aadhya Desai,Female,31,Lucknow,North,
1884,Deepak Das,Male,43,Ranchi,East,2022-12-28
1208,Sai Choudhury,Male,49,Lucknow,North,
1652,Vivaan Shah,Male,50,Surat,West,19-12-2022
956,Jiya Das,Other,18,Surat,West,2022-06-12
1369,Sai Patel,Male,26,Patna,East,2022-07-18
1911,Amit Kumar,Male,21,Nagpur,West,2020-10-27
305,Sara Mukherjee,Female,28,Dehradun,North,2022-09-15
183,Vivaan Pandey,Male,26,Chennai,South,2022-09-04
289,Krishna Menon,Male,39,Mumbai,West,2022-12-27
359,Aditya Sen,Male,41,Mumbai,West,2022-10-06
200,Rahul Yadav,Male,35,Guwahati,East,2022-12-25
462,Ishaan Reddy,Male,34,Nagpur,West,2022-12-01
1064,Sai Desai,Male,30,Ahmedabad,West,2022-12-28
814,Manoj Thakur,Male,32,Pune,West,2022-11-01
122,Diya Nair,Female,52,Pune,West,2021-11-13
1045,Reyansh Yadav,Male,42,Chennai,South,2022-07-19
713,Jiya Singh,Female,31,Bhubaneswar,East,2022-02-20
1966,Aditya Iyer,Male,33,Mumbai,West,2022-10-06
579,Meera Sen,Female,39,Ahmedabad,West,2022-10-19
714,Myra Pandey,Female,21,Ahmedabad,West,2022-08-09
1967,Lakshmi Reddy,Female,36,Pune,West,2022-08-14
362,Amit Desai,Male,42,Patna,East,2022-09-19
1287,Kavita Thakur,Female,40,Mumbai,West,29-10-2022
1171,Arjun Kumar,Male,26,Bangalore,South,2022-12-22
909,Reyansh Iyer,Male,28,Hyderabad,South,
459,Sai Verma,Male,18,Hyderabad,South,2022-07-29
99,Geeta Iyer,Female,43,Delhi,North,
1435,Krishna Bose,Male,57,Mumbai,West,
1639,Ravi Yadav,Male,24,Delhi,North,2022-10-01
737,Arjun Gupta,Male,47,Hyderabad,South,11-07-2022
1502,Aadhya Iyer,Female,56,Pune,West,22-11-2022
1295,Saanvi Sen,Female,29,Chennai,South,2022-09-07
1737,Ravi Rao,Male,33,Pune,West,
843,Lakshmi Shah,Female,37,Ahmedabad,West,2022-08-17
345,Aditya Joshi,Male,40,Ranchi,East,2021-12-30
1342,Aarav Thakur,Male,38,Pune,West,2022-12-09
1882,Lakshmi Menon,Female,30,Patna,East,2022-03-23
719,Arun Iyer,Male,41,Ranchi,East,2021-08-01
1402,Rahul Desai,Male,30,Dehradun,North,2022-12-04
730,Saanvi Roy,Female,39,Mumbai,West,
358,Vivaan Verma,Male,34,Surat,West,2022-01-08
19,Geeta Das,Female,18,Mumbai,West,2022-11-02
1657,Aadhya Nair,Female,48,Delhi,North,2022-11-22
1393,Reyansh Choudhury,Male,28,Coimbatore,South,2022-08-26
1634,Myra Menon,Female,50,Pune,West,
672,Sanjay Rao,Male,46,Bhubaneswar,East,2021-01-21
1304,Saanvi Gupta,Female,37,Chandigarh,North,2022-09-29
667,Rahul Bose,Male,40,Bhubaneswar,East,2022-08-01
631,Raj Pandey,Male,42,Mumbai,West,2021-06-18
752,Manoj Patel,Male,32,Coimbatore,South,2022-01-20
275,Meera Verma,Female,33,Ranchi,East,2022-09-19
637,Arjun Mukherjee,Male,41,Mumbai,West,2022-07-08
18,Diya Sharma,Female,18,Jaipur,North,2021-09-19
1560,Saanvi Verma,Female,34,Guwahati,East,2022-06-06
487,Vikram Nair,Male,30,Nagpur,West,2022-05-16
1316,Diya Kumar,Female,26,Dehradun,North,2022-10-29
253,Myra Sen,Female,39,Ahmedabad,West,2022-10-14
1617,Ananya Shah,Female,28,Dehradun,North,2022-11-20
994,Neha Sen,Female,44,Kochi,South,2021-06-12
364,Neha Singh,Female,45,Jaipur,North,31-10-2022
873,Ananya Desai,Female,40,Jaipur,North,2022-12-30
1029,Sara Reddy,Female,42,Patna,East,2022-05-04
1357,Aadhya Yadav,Other,40,Bangalore,South,2022-12-05
226,Geeta Yadav,Female,43,Surat,West,2022-06-22
1945,Arjun Bose,Male,43,Jaipur,North,15-04-2022
783,Reyansh Joshi,Male,38,Hyderabad,South,2022-12-16
983,Vikram Desai,Male,46,Patna,East,
297,Sara Singh,Female,33,Jaipur,North,2022-09-29
1204,Rahul Reddy,Male,26,Guwahati,East,2022-12-20
1832,Sai Thakur,Male,26,Coimbatore,South,10-03-2022
810,Aditya Yadav,Male,31,Lucknow,North,2021-07-19
596,Amit Nair,Male,18,Pune,West,
1539,Krishna Gupta,Male,37,Patna,East,
1537,Neha Singh,Female,42,Jaipur,North,2022-12-23
198,Myra Mukherjee,Female,45,Kolkata,East,
538,Riya Singh,Female,18,Lucknow,North,15-11-2022
915,Ravi Pandey,Male,26,Bangalore,South,2022-11-03
1431,Rahul Reddy,Male,44,Ahmedabad,West,2022-10-24
1970,Diya Rao,Female,32,Patna,East,2022-09-07
1940,Jiya Verma,Female,41,Jaipur,North,
1133,Neha Iyer,Female,21,Nagpur,West,2022-07-19
1396,Meera Roy,Other,49,Guwahati,East,2022-12-09
75,Kavita Mehta,Female,20,Bangalore,South,2021-12-02
889,Raj Verma,Male,18,Surat,West,2022-07-27
1660,Neha Kumar,Female,37,Chandigarh,North,2022-07-09
1475,Diya Joshi,Female,37,Guwahati,East,2022-11-13
1478,Saanvi Kumar,Female,29,Lucknow,North,2022-05-21
1426,Ananya Yadav,Female,40,Nagpur,West,2022-08-10
595,Priya Roy,Female,40,Patna,East,2022-08-22
794,Krishna Rao,Male,39,Dehradun,North,2022-11-06
1854,Ishaan Singh,Male,29,Chennai,South,2022-08-31
1418,Kavita Verma,Female,27,Dehradun,North,2022-07-07
774,Arjun Bose,Male,30,Mumbai,West,2022-12-22
87,Lakshmi Mukherjee,Female,25,Lucknow,North,2023-01-01
1163,Geeta Iyer,Other,47,Ahmedabad,West,2022-08-26
114,Meera Joshi,Other,31,Pune,West,2022-02-06
428,Anita Singh,Female,36,Delhi,North,2023-01-01
386,Lakshmi Mukherjee,Female,44,Dehradun,North,2022-10-25
397,Neha Iyer,Female,25,Guwahati,East,13-12-2022
657,Vikram Kumar,Male,20,Kolkata,East,2022-02-03
1375,Kavita Sen,Female,25,Chandigarh,North,2022-10-26
1334,Raj Gupta,Male,37,Mumbai,West,2022-09-21
410,Saanvi Das,Female,37,Guwahati,East,2021-10-25
880,Arun Mukherjee,Male,39,Pune,West,2022-12-16
1976,Vivaan Menon,Male,33,Lucknow,North,2022-06-06
1481,Sai Mehta,Male,18,Delhi,North,2022-07-05
46,Myra Desai,Female,33,Ranchi,East,2022-05-27
1448,Geeta Iyer,Female,45,Jaipur,North,2021-05-03
1344,Ishaan Reddy,Male,48,Coimbatore,South,2022-04-19
88,Pooja Thakur,Female,35,Chennai,South,
1465,Jiya Singh,Female,37,Delhi,North,2022-12-12
11,Arun Reddy,Male,41,Chandigarh,North,2022-12-24
1490,Aditya Roy,Male,48,Ahmedabad,West,2022-10-13
429,Raj Patel,Male,35,Guwahati,East,2022-09-21
1307,Meera Kumar,Female,41,Hyderabad,South,2022-09-13
214,Raj Mukherjee,Male,28,Delhi,North,
208,Neha Choudhury,Female,21,Jaipur,North,2022-12-23
877,Arun Mukherjee,Male,30,Surat,West,2022-02-25
403,Vivaan Bose,Male,50,Ranchi,East,2022-01-25
1022,Aadhya Gupta,Female,41,Surat,West,2022-09-08
1062,Priya Reddy,Other,22,Jaipur,North,16-12-2021
1215,Reyansh Rao,Male,42,Bangalore,South,17-07-2022
1387,Pooja Bose,Female,23,Kolkata,East,2022-10-31
1641,Geeta Gupta,Female,39,Chennai,South,2022-05-05
1667,Sara Gupta,Female,25,Kolkata,East,2022-10-25
561,Meera Das,Female,21,Kochi,South,2022-05-22
1951,Sai Nair,Male,53,Coimbatore,South,2022-11-23
1488,Diya Mehta,Female,31,Ahmedabad,West,2022-10-11
587,Arun Nair,Male,41,Mumbai,West,2022-12-22
581,Anita Nair,Female,35,Mumbai,West,2022-11-06
545,Amit Pandey,Male,23,Hyderabad,South,2022-02-11
1646,Aditya Reddy,Male,32,Kochi,South,2022-09-01
1003,Meera Verma,Female,24,Patna,East,30-09-2022
816,Manoj Mukherjee,Male,61,Chandigarh,North,2022-12-31
440,Vivaan Joshi,Male,43,Delhi,North,2022-09-11
90,Pooja Shah,Female,35,Nagpur,West,2022-06-12
350,Ananya Joshi,Female,41,Coimbatore,South,2022-10-26
255,Jiya Mukherjee,Other,42,Bhubaneswar,East,2022-08-22
1456,Myra Menon,Female,42,Delhi,North,2021-03-01
1138,Priya Joshi,Female,42,Patna,East,2022-12-09
1217,Aarav Thakur,Male,41,Chandigarh,North,2022-11-07
764,Ananya Joshi,Female,36,Hyderabad,South,2022-10-16
576,Pooja Das,Female,52,Ahmedabad,West,2022-10-10
758,Amit Thakur,Male,36,Ranchi,East,2022-01-29
1997,Manoj Thakur,Male,35,Ahmedabad,West,2022-12-28
1493,Anita Menon,Female,36,Surat,West,04-04-2022
1512,Pooja Nair,Female,37,Ahmedabad,West,2022-09-13
383,Neha Verma,Female,18,Nagpur,West,2022-12-20
1083,Reyansh Pandey,Male,25,Jaipur,North,2022-11-16
696,Ravi Mehta,Male,33,Bangalore,South,2022-04-29
1836,Priya Desai,Other,18,Pune,West,2022-09-08
1744,Jiya Thakur,Female,35,Hyderabad,South,2021-05-19
1927,Saanvi Menon,Female,37,Chandigarh,North,2022-12-18
1257,Saanvi Thakur,Female,21,Mumbai,West,2022-11-23
270,Amit Das,Male,28,Ahmedabad,West,2022-12-05
627,Riya Gupta,Female,49,Ranchi,East,2022-07-30
1485,Jiya Reddy,Female,41,Guwahati,East,2022-12-04
1125,Reyansh Singh,Male,40,Ahmedabad,West,2022-10-05
1428,Riya Singh,Female,47,Chennai,South,2022-06-14
1717,Saanvi Desai,Female,26,Kolkata,East,2021-10-09
177,Sai Mukherjee,Male,21,Surat,West,2022-11-01
1298,Aadhya Rao,Female,45,Kochi,South,2022-05-25
1749,Lakshmi Sharma,Other,34,Chandigarh,North,2022-12-21
526,Kavita Bose,Female,25,Delhi,North,2022-12-07
1682,Rahul Menon,Male,57,Jaipur,North,2021-06-10
524,Aditya Verma,Male,18,Hyderabad,South,2022-08-30
1892,Kavita Das,Female,37,Pune,West,2022-06-11
1058,Meera Reddy,Female,32,Jaipur,North,
1856,Priya Pandey,Other,31,Dehradun,North,2022-09-13
1743,Vivaan Mehta,Male,18,Ahmedabad,West,2022-12-24
1389,Diya Thakur,Female,51,Delhi,North,
855,Arjun Choudhury,Male,19,Chennai,South,2022-12-23
388,Ananya Menon,Female,32,Bangalore,South,2022-02-01
978,Reyansh Das,Male,30,Mumbai,West,2021-05-29
954,Anita Gupta,Female,41,Surat,West,2022-11-23
1782,Raj Bose,Male,18,Ahmedabad,West,2022-09-20
656,Vivaan Choudhury,Male,40,Patna,East,2022-07-23
1425,Neha Sharma,Female,37,Delhi,North,2021-01-16
1953,Jiya Singh,Female,27,Nagpur,West,25-11-2022
1629,Neha Sen,Female,39,Ahmedabad,West,2022-04-22
1980,Sai Verma,Male,35,Ahmedabad,West,2022-12-01
1695,Arjun Gupta,Male,54,Mumbai,West,
291,Kavita Shah,Female,32,Nagpur,West,2022-07-01
663,Meera Desai,Female,24,Jaipur,North,2022-08-05
1902,Deepak Yadav,Male,40,Surat,West,2022-04-11
1511,Sara Singh,Female,31,Mumbai,West,2022-12-31
722,Sara Das,Female,34,Surat,West,2022-10-14
724,Saanvi Rao,Female,21,Hyderabad,South,2022-10-24
961,Aadhya Roy,Female,41,Mumbai,West,2022-01-27
215,Aditya Nair,Male,29,Mumbai,West,2022-09-23
1545,Neha Thakur,Female,37,Nagpur,West,2022-12-27
1175,Sara Das,Female,58,Pune,West,2022-12-10
523,Lakshmi Singh,Female,32,Nagpur,West,2022-11-01
478,Ananya Iyer,Female,43,Nagpur,West,2020-07-16
1796,Saanvi Patel,Female,33,Ahmedabad,West,2022-12-24
1411,Diya Bose,Other,27,Jaipur,North,2022-10-04
1859,Sanjay Sen,Male,49,Surat,West,
1120,Arun Pandey,Male,18,Mumbai,West,2022-03-29
1862,Aarav Patel,Male,46,Nagpur,West,2022-11-10
401,Priya Iyer,Female,18,Ahmedabad,West,2022-06-23
1116,Krishna Sen,Male,44,Coimbatore,South,2022-11-13
1675,Meera Yadav,Female,35,Kolkata,East,2022-11-18
1619,Vikram Shah,Male,24,Ahmedabad,West,2022-12-25
1406,Arjun Verma,Male,30,Surat,West,10-07-2021
921,Sara Nair,Female,42,Patna,East,29-07-2022
1621,Ishaan Yadav,Male,56,Kochi,South,24-08-2022
1505,Sara Sen,Female,18,Ranchi,East,2022-04-21
611,Arun Sharma,Male,25,Kolkata,East,2021-11-23
840,Arun Bose,Male,20,Pune,West,2021-07-24
745,Reyansh Gupta,Male,32,Coimbatore,South,2022-04-04
1353,Deepak Das,Male,45,Pune,West,2022-09-07
137,Anita Sen,Other,19,Pune,West,2022-07-25
1515,Anita Yadav,Female,34,Bhubaneswar,East,2022-11-25
415,Priya Reddy,Female,44,Lucknow,North,2022-11-21
938,Aadhya Yadav,Female,30,Pune,West,2022-12-19
1962,Kavita Yadav,Female,18,Lucknow,North,2022-03-08
1852,Geeta Thakur,Female,37,Nagpur,West,2022-02-10
1017,Ananya Bose,Female,48,Jaipur,North,11-04-2022
346,Sai Menon,Male,23,Pune,West,2022-06-24
1756,Anita Reddy,Female,18,Mumbai,West,2022-09-24
1109,Krishna Pandey,Male,38,Guwahati,East,2022-12-26
806,Anita Yadav,Female,38,Surat,West,2023-01-01
1520,Kavita Choudhury,Female,29,Lucknow,North,2022-09-27
1529,Riya Joshi,Female,27,Ahmedabad,West,2021-03-22
116,Priya Pandey,Female,35,Ahmedabad,West,2022-11-16
1223,Myra Kumar,Other,23,Nagpur,West,
1455,Raj Singh,Male,23,Lucknow,North,
1567,Diya Singh,Female,42,Nagpur,West,03-05-2022
936,Anita Roy,Female,22,Nagpur,West,2022-01-27
189,Kavita Bose,Female,18,Chandigarh,North,2022-10-23
1278,Saanvi Das,Female,27,Guwahati,East,
1173,Vikram Desai,Male,29,Chennai,South,2022-10-10
899,Jiya Choudhury,Female,40,Mumbai,West,
1875,Krishna Verma,Male,28,Ahmedabad,West,2022-07-25
984,Sara Mehta,Female,50,Hyderabad,South,21-06-2022
1916,Riya Roy,Female,35,Chandigarh,North,2022-05-24
1452,Arjun Kumar,Male,26,Nagpur,West,2022-11-30
109,Priya Thakur,Female,39,Patna,East,2021-07-03
1082,Arjun Reddy,Male,50,Guwahati,East,2022-12-25
1031,Aadhya Sharma,Female,42,Bhubaneswar,East,
1228,Raj Choudhury,Male,18,Chandigarh,North,2022-05-21
181,Sanjay Iyer,Male,30,Hyderabad,South,25-08-2022
160,Myra Pandey,Female,37,Kolkata,East,2022-08-27
308,Anita Thakur,Female,41,Bangalore,South,2022-02-19
1419,Lakshmi Mehta,Female,32,Mumbai,West,2022-05-31
1788,Aadhya Pandey,Female,31,Coimbatore,South,2021-10-02
1027,Anita Thakur,Female,54,Ahmedabad,West,2022-06-02
1165,Reyansh Gupta,Male,42,Dehradun,North,2022-11-05
385,Myra Menon,Female,39,Lucknow,North,2022-03-11
1444,Aadhya Kumar,Female,28,Dehradun,North,2022-10-20
182,Sai Thakur,Male,22,Mumbai,West,2021-02-09
902,Riya Iyer,Female,39,Bhubaneswar,East,2022-05-13
1588,Ishaan Pandey,Male,43,Bhubaneswar,East,2022-08-06
1194,Neha Gupta,Female,34,Bangalore,South,2022-10-07
895,Sanjay Desai,Male,42,Bhubaneswar,East,2022-11-30
1010,Rahul Desai,Male,42,Pune,West,
1661,Ravi Nair,Male,44,Pune,West,2022-12-28
735,Arun Sen,Male,18,Hyderabad,South,2022-05-27
1648,Aditya Nair,Male,31,Pune,West,2022-03-02
1155,Aditya Pandey,Male,40,Delhi,North,2022-12-23
1028,Lakshmi Mukherjee,Female,35,Delhi,North,2022-08-28
416,Jiya Iyer,Female,42,Ahmedabad,West,2022-11-27
1308,Anita Singh,Female,39,Ranchi,East,
379,Krishna Rao,Male,18,Nagpur,West,
382,Aadhya Pandey,Female,47,Ahmedabad,West,06-01-2022
50,Raj Shah,Male,29,Chandigarh,North,2022-11-01
658,Lakshmi Roy,Female,25,Mumbai,West,28-12-2021
738,Manoj Iyer,Male,46,Ahmedabad,West,2022-11-11
1720,Lakshmi Iyer,Female,41,Coimbatore,South,2022-07-09
971,Pooja Mehta,Female,48,Pune,West,2021-11-02
1760,Rahul Roy,Male,37,Nagpur,West,30-12-2022
1925,Krishna Patel,Male,30,Bhubaneswar,East,2022-08-11
686,Rahul Rao,Male,36,Mumbai,West,2022-11-01
352,Vikram Pandey,Male,23,Jaipur,North,2022-07-11
1422,Geeta Sharma,Female,20,Chandigarh,North,2022-10-20
1349,Manoj Verma,Male,28,Pune,West,
1823,Deepak Rao,Male,51,Mumbai,West,2022-04-01
1440,Anita Patel,Female,29,Dehradun,North,2022-06-07
1414,Saanvi Joshi,Female,18,Nagpur,West,21-10-2022
1326,Pooja Kumar,Female,33,Ahmedabad,West,2021-07-30
161,Myra Joshi,Female,28,Chennai,South,
1922,Geeta Singh,Female,47,Patna,East,2022-11-23
1879,Diya Choudhury,Female,50,Kolkata,East,26-09-2022
1370,Ananya Thakur,Female,30,Ranchi,East,2022-11-04
1753,Geeta Joshi,Female,37,Surat,West,2022-11-04
1203,Arjun Das,Male,38,Jaipur,North,2022-12-20
900,Myra Menon,Female,34,Ranchi,East,2022-08-23
1919,Aarav Mukherjee,Male,32,Ranchi,East,05-05-2022
212,Kavita Das,Female,24,Chennai,South,2022-05-27
1718,Pooja Choudhury,Female,18,Hyderabad,South,2022-10-02
577,Lakshmi Reddy,Other,24,Coimbatore,South,2022-11-07
629,Arun Nair,Male,34,Nagpur,West,2022-11-06
486,Aadhya Thakur,Female,19,Chandigarh,North,2022-11-01
980,Saanvi Gupta,Female,37,Jaipur,North,2022-07-19
1095,Diya Kumar,Female,35,Bangalore,South,2022-12-18
370,Jiya Rao,Female,28,Bangalore,South,2022-07-21
1093,Vivaan Pandey,Male,32,Kochi,South,2022-07-10
1012,Diya Kumar,Female,20,Guwahati,East,30-12-2022
989,Anita Reddy,Female,44,Dehradun,North,2021-05-08
1904,Saanvi Thakur,Female,43,Chandigarh,North,2022-05-26
1618,Myra Nair,Other,22,Ahmedabad,West,2022-07-16
640,Ishaan Bose,Male,22,Delhi,North,2022-07-22
1319,Meera Shah,Female,24,Ahmedabad,West,2022-01-05
360,Riya Mehta,Other,41,Bhubaneswar,East,2022-11-22
1848,Myra Bose,Female,38,Bangalore,South,2022-07-26
1439,Pooja Yadav,Female,46,Kochi,South,2022-09-29
221,Kavita Sen,Female,47,Nagpur,West,2022-12-30
1015,Pooja Patel,Female,18,Chennai,South,2022-09-16
913,Vikram Das,Male,40,Nagpur,West,2021-06-12
750,Pooja Joshi,Female,47,Kochi,South,2022-11-25
1557,Myra Choudhury,Female,31,Surat,West,2022-06-15
534,Raj Kumar,Male,34,Pune,West,2022-12-15
1593,Krishna Nair,Male,33,Chandigarh,North,2022-04-28
1460,Meera Singh,Female,33,Mumbai,West,2022-11-09
1391,Jiya Rao,Female,44,Dehradun,North,2022-09-21
858,Meera Rao,Female,54,Coimbatore,South,2022-07-03
281,Pooja Mehta,Female,50,Dehradun,North,13-11-2022
300,Vivaan Bose,Male,29,Chennai,South,2022-11-22
762,Manoj Sen,Male,37,Bangalore,South,
320,Kavita Shah,Female,26,Bhubaneswar,East,2022-11-06
1151,Raj Roy,Male,27,Ahmedabad,West,2022-11-11
1385,Priya Das,Female,34,Ahmedabad,West,2022-05-09
904,Sanjay Kumar,Male,27,Ranchi,East,2022-07-18
718,Pooja Joshi,Female,28,Guwahati,East,2021-07-06
836,Aadhya Roy,Female,37,Pune,West,2022-02-07
928,Manoj Choudhury,Male,40,Surat,West,2021-09-03
1559,Diya Mehta,Female,40,Chandigarh,North,13-08-2022
1346,Arjun Sen,Male,40,Ahmedabad,West,2022-05-02
791,Pooja Shah,Female,21,Delhi,North,2022-05-05
228,Priya Mukherjee,Female,26,Ranchi,East,2022-10-10
1121,Meera Desai,Female,35,Surat,West,2021-10-02
365,Aditya Mehta,Male,46,Guwahati,East,2022-11-06
1849,Sai Iyer,Male,61,Ahmedabad,West,2022-10-11
975,Lakshmi Patel,Female,38,Lucknow,North,2022-03-29
1961,Amit Yadav,Male,42,Kochi,South,2022-09-14
1735,Rahul Pandey,Male,20,Guwahati,East,2022-05-26
1815,Aarav Singh,Male,42,Ahmedabad,West,2022-09-23
569,Myra Reddy,Female,56,Delhi,North,24-08-2021
32,Vivaan Sharma,Male,26,Nagpur,West,2022-12-21
1874,Raj Rao,Male,28,Jaipur,North,2022-09-18
1282,Amit Sen,Male,44,Patna,East,2022-12-29
802,Vivaan Thakur,Male,35,Hyderabad,South,2022-12-22
1613,Raj Choudhury,Male,18,Coimbatore,South,2022-09-02
516,Geeta Bose,Female,29,Ranchi,East,2022-06-24
1051,Krishna Patel,Male,50,Hyderabad,South,2022-11-08
1079,Aarav Sharma,Male,31,Patna,East,2022-12-19
896,Aarav Yadav,Male,31,Surat,West,2022-11-26
1211,Anita Rao,Female,43,Delhi,North,2022-03-05
1703,Ravi Mehta,Male,38,Jaipur,North,2022-06-07
1872,Aditya Das,Male,31,Ranchi,East,2022-10-27
1597,Pooja Menon,Female,28,Ranchi,East,2022-11-11
1522,Aditya Kumar,Male,67,Delhi,North,2022-10-14
790,Pooja Yadav,Female,48,Patna,East,2022-10-15
54,Aarav Kumar,Male,40,Ahmedabad,West,2022-10-27
773,Ananya Joshi,Female,41,Delhi,North,2021-10-17
1177,Amit Roy,Male,33,Surat,West,2022-10-15
1808,Aditya Singh,Male,38,Jaipur,North,
912,Raj Mehta,Male,32,Mumbai,West,2022-08-09
244,Lakshmi Sen,Female,25,Delhi,North,2022-08-29
367,Sara Bose,Female,39,Pune,West,2022-06-12
781,Anita Desai,Female,31,Delhi,North,2022-02-08
1855,Sara Nair,Female,39,Bhubaneswar,East,2022-09-19
967,Priya Gupta,Female,41,Jaipur,North,2022-07-16
113,Raj Mukherjee,Male,40,Chandigarh,North,
1986,Jiya Yadav,Female,24,Bhubaneswar,East,2022-06-02
662,Arun Patel,Male,30,Ahmedabad,West,2022-11-30
1063,Diya Verma,Other,31,Chennai,South,2023-01-01
846,Aadhya Roy,Female,45,Dehradun,North,2022-08-24
1283,Riya Pandey,Female,45,Jaipur,North,2022-12-01
830,Vivaan Roy,Male,27,Nagpur,West,2022-12-12
1878,Priya Mukherjee,Female,21,Lucknow,North,2022-11-17
1779,Sai Patel,Male,61,Guwahati,East,2022-11-12
239,Rahul Sen,Male,39,Dehradun,North,2022-12-22
1424,Aarav Rao,Male,19,Nagpur,West,2022-11-18
1533,Lakshmi Reddy,Female,28,Guwahati,East,2021-06-02
755,Amit Desai,Male,46,Hyderabad,South,27-09-2022
1174,Reyansh Kumar,Male,57,Pune,West,
129,Deepak Thakur,Male,55,Ranchi,East,2022-05-28
1650,Rahul Joshi,Male,39,Kolkata,East,29-11-2022
1337,Myra Sen,Female,18,Mumbai,West,2021-12-30
1998,Geeta Shah,Female,35,Mumbai,West,2022-07-06
1819,Vivaan Pandey,Male,23,Lucknow,North,
1789,Sara Pandey,Female,35,Jaipur,North,2022-12-10
1566,Neha Mukherjee,Female,25,Patna,East,2022-06-03
1690,Sara Iyer,Female,30,Guwahati,East,2022-11-21
126,Arjun Kumar,Male,44,Nagpur,West,2022-11-21
1591,Sai Choudhury,Male,32,Surat,West,2022-08-27
838,Kavita Shah,Female,31,Kochi,South,2022-03-24
1185,Krishna Mukherjee,Male,34,Guwahati,East,2022-12-20
63,Pooja Shah,Female,63,Surat,West,2022-07-07
707,Vivaan Menon,Male,22,Ranchi,East,05-06-2022
1568,Krishna Reddy,Male,38,Mumbai,West,2022-02-10
377,Pooja Choudhury,Female,54,Ranchi,East,2022-02-25
1738,Vivaan Sen,Male,34,Chennai,South,2022-10-20
372,Neha Joshi,Female,48,Hyderabad,South,
242,Myra Pandey,Female,20,Kochi,South,2022-01-19
1712,Sara Rao,Female,32,Kolkata,East,2021-12-12
743,Myra Verma,Female,26,Ahmedabad,West,2022-10-05
1421,Geeta Gupta,Female,34,Pune,West,2022-03-15
682,Ananya Iyer,Female,34,Surat,West,20-12-2022
34,Reyansh Desai,Male,35,Patna,East,2021-12-20
287,Lakshmi Sen,Female,44,Nagpur,West,2021-04-22
1992,Amit Mehta,Male,18,Lucknow,North,20-12-2022
823,Deepak Nair,Male,28,Dehradun,North,2022-10-09
102,Aadhya Roy,Female,37,Guwahati,East,2022-03-14
1275,Neha Joshi,Female,18,Jaipur,North,2022-11-18
1934,Myra Gupta,Female,41,Surat,West,2022-10-16
1901,Rahul Rao,Male,28,Ahmedabad,West,2022-10-10
1157,Sanjay Rao,Male,32,Delhi,North,2022-09-11
1097,Rahul Singh,Male,44,Mumbai,West,
465,Aadhya Menon,Female,49,Delhi,North,2022-12-31
1089,Vikram Reddy,Male,42,Pune,West,2022-09-04
1708,Pooja Choudhury,Female,22,Patna,East,2023-01-01
551,Lakshmi Mukherjee,Female,41,Nagpur,West,
754,Raj Verma,Male,42,Kolkata,East,20-12-2022
659,Meera Gupta,Female,40,Jaipur,North,2022-04-02
1907,Arjun Desai,Male,51,Ranchi,East,2022-04-26
1876,Manoj Sen,Male,35,Kolkata,East,05-12-2022
985,Arun Mehta,Male,50,Mumbai,West,2022-06-15
39,Amit Joshi,Male,50,Nagpur,West,2022-11-29
47,Raj Mehta,Male,42,Mumbai,West,2022-11-23
1399,Neha Singh,Female,38,Kochi,South,2021-10-29
1616,Deepak Bose,Male,40,Nagpur,West,2022-04-21
934,Geeta Joshi,Female,53,Guwahati,East,2021-12-02
841,Kavita Sen,Female,46,Patna,East,2022-07-30
476,Priya Singh,Female,23,Coimbatore,South,2022-09-08
1707,Reyansh Iyer,Male,39,Pune,West,2022-05-20
227,Sara Kumar,Female,25,Chennai,South,2022-10-26
1192,Geeta Das,Female,27,Hyderabad,South,2022-11-13
575,Reyansh Kumar,Male,30,Dehradun,North,2021-10-29
1074,Neha Rao,Female,19,Delhi,North,2022-08-27
483,Jiya Singh,Female,25,Ranchi,East,2022-02-25
805,Saanvi Mehta,Female,51,Patna,East,2022-06-22
1677,Ravi Sharma,Male,27,Surat,West,2022-06-03
1599,Priya Reddy,Female,44,Jaipur,North,2022-11-07
685,Kavita Sen,Female,36,Surat,West,2022-10-23
1078,Deepak Pandey,Male,41,Coimbatore,South,2022-11-06
1570,Diya Bose,Female,41,Jaipur,North,2022-11-18
1442,Krishna Bose,Male,24,Kolkata,East,2022-07-23
916,Diya Reddy,Female,44,Kochi,South,2022-03-04
127,Anita Sen,Female,21,Lucknow,North,2022-04-06
1152,Manoj Singh,Male,27,Guwahati,East,16-12-2022
1019,Reyansh Mehta,Male,41,Kochi,South,
870,Priya Sen,Female,23,Lucknow,North,2022-12-27
405,Saanvi Yadav,Female,18,Mumbai,West,
2000,Manoj Yadav,Male,38,Coimbatore,South,2022-12-25
761,Deepak Verma,Male,18,Ahmedabad,West,2022-06-18
1898,Aadhya Kumar,Female,42,Pune,West,2021-12-03
1924,Amit Menon,Male,31,Surat,West,2022-10-23
232,Reyansh Reddy,Male,38,Lucknow,North,
145,Ananya Rao,Female,38,Pune,West,2022-07-31
78,Riya Das,Female,43,Coimbatore,South,2022-01-15
987,Raj Rao,Male,41,Patna,East,
1009,Diya Singh,Female,23,Nagpur,West,2022-12-28
772,Aditya Verma,Male,32,Chandigarh,North,2022-10-13
1401,Sai Sen,Male,38,Ahmedabad,West,2022-10-26
1761,Amit Desai,Male,50,Kochi,South,2022-06-24
264,Myra Menon,Female,41,Kolkata,East,2022-04-18
169,Manoj Das,Male,49,Patna,East,2022-12-25
1969,Manoj Patel,Male,39,Ranchi,East,2022-08-05
514,Anita Das,Other,47,Bhubaneswar,East,2022-07-09
729,Meera Singh,Female,37,Guwahati,East,2022-07-29
375,Jiya Kumar,Female,46,Pune,West,2020-09-12
1405,Ananya Gupta,Other,31,Delhi,North,2022-05-25
1867,Ravi Das,Male,52,Lucknow,North,2022-10-05
1090,Ananya Iyer,Female,40,Lucknow,North,2021-09-14
1928,Amit Bose,Male,19,Kolkata,East,
1271,Aarav Kumar,Male,39,Lucknow,North,2022-11-20
1888,Arun Verma,Male,18,Guwahati,East,2020-04-29
804,Vikram Sen,Male,41,Surat,West,2022-07-24
749,Manoj Menon,Male,44,Bhubaneswar,East,2022-12-23
885,Vikram Shah,Male,56,Chandigarh,North,2022-06-12
374,Deepak Iyer,Male,29,Patna,East,2022-10-09
1990,Arjun Menon,Male,56,Ahmedabad,West,2022-05-31
35,Aditya Roy,Male,35,Ahmedabad,West,2022-06-27
1541,Priya Bose,Female,26,Bangalore,South,2022-07-04
1468,Ishaan Patel,Male,29,Bangalore,South,2022-07-21
1952,Aadhya Reddy,Female,41,Kochi,South,2022-09-14
1395,Kavita Singh,Female,25,Mumbai,West,2022-06-17
100,Aadhya Reddy,Female,31,Surat,West,2022-12-29
1877,Sara Sharma,Female,38,Bangalore,South,2022-04-05
1985,Myra Desai,Female,52,Kolkata,East,08-02-2022
1721,Ananya Mukherjee,Female,44,Pune,West,2022-03-15
1583,Raj Choudhury,Male,35,Kochi,South,2022-09-03
195,Sai Nair,Male,41,Dehradun,North,2022-10-01
652,Rahul Choudhury,Male,37,Chennai,South,2022-11-04
1831,Neha Kumar,Female,22,Dehradun,North,2021-10-01
1159,Diya Singh,Female,54,Delhi,North,
622,Sai Yadav,Male,52,Ranchi,East,2022-12-23
236,Riya Rao,Female,34,Hyderabad,South,2022-12-17
294,Myra Sen,Female,30,Kolkata,East,2022-07-17
1054,Riya Gupta,Female,22,Guwahati,East,2022-01-09
621,Aadhya Rao,Female,41,Hyderabad,South,2021-12-06
1860,Kavita Desai,Female,41,Kolkata,East,
1306,Sai Menon,Male,26,Nagpur,West,2022-03-15
9,Lakshmi Yadav,Female,37,Ahmedabad,West,2021-03-20
282,Amit Choudhury,Male,44,Ranchi,East,2022-09-11
406,Saanvi Roy,Female,29,Hyderabad,South,2021-03-06
675,Geeta Das,Female,32,Bhubaneswar,East,2022-03-02
23,Aditya Pandey,Male,32,Nagpur,West,2022-12-19
1734,Sanjay Desai,Male,26,Guwahati,East,2022-11-20
1896,Myra Rao,Female,33,Dehradun,North,2022-11-06
589,Arun Iyer,Male,18,Mumbai,West,2022-12-13
1625,Aarav Singh,Male,32,Surat,West,2021-03-22
1746,Sanjay Reddy,Male,32,Lucknow,North,2022-04-20
1246,Anita Das,Female,34,Ahmedabad,West,2022-11-04
1766,Lakshmi Singh,Female,40,Mumbai,West,2022-03-19
1757,Diya Sharma,Female,21,Ahmedabad,West,
851,Ravi Yadav,Male,23,Bhubaneswar,East,2022-12-07
1923,Ravi Choudhury,Male,26,Chandigarh,North,2022-06-14
1043,Deepak Shah,Male,20,Pune,West,2022-12-21
310,Aadhya Singh,Female,41,Delhi,North,04-12-2022
815,Aadhya Patel,Female,28,Jaipur,North,2022-10-18
968,Geeta Rao,Female,34,Dehradun,North,2022-10-29
1137,Lakshmi Shah,Female,25,Jaipur,North,2022-08-05
1829,Neha Yadav,Female,31,Guwahati,East,2022-07-29
1050,Diya Verma,Female,38,Bhubaneswar,East,
826,Aadhya Pandey,Female,38,Ahmedabad,West,2022-11-05
1732,Aditya Joshi,Male,23,Kolkata,East,2022-09-03
1070,Anita Rao,Female,34,Lucknow,North,2022-10-28
76,Sanjay Bose,Male,25,Nagpur,West,2022-02-24
1759,Amit Menon,Male,33,Dehradun,North,2022-09-13
560,Pooja Verma,Female,28,Ranchi,East,2022-05-14
694,Amit Pandey,Male,55,Bhubaneswar,East,2022-04-06
751,Aditya Nair,Male,43,Coimbatore,South,2022-01-10
1913,Ananya Pandey,Female,39,Chandigarh,North,2022-02-06
10,Riya Shah,Female,18,Ahmedabad,West,2020-10-04
683,Sai Bose,Male,31,Ahmedabad,West,2022-11-23
1241,Aadhya Roy,Other,44,Surat,West,2022-09-03
471,Sanjay Pandey,Male,34,Patna,East,2022-09-05
1912,Diya Iyer,Female,53,Bangalore,South,
654,Arun Pandey,Male,45,Nagpur,West,2022-09-29
863,Lakshmi Roy,Female,30,Coimbatore,South,2022-10-22
238,Sanjay Mehta,Male,52,Nagpur,West,2022-12-08
1895,Rahul Das,Male,31,Bhubaneswar,East,2022-11-23
598,Arjun Nair,Male,55,Surat,West,2022-09-02
1666,Neha Pandey,Female,52,Pune,West,2022-06-29
247,Saanvi Desai,Female,38,Kolkata,East,2022-10-10
700,Arjun Bose,Male,18,Jaipur,North,2022-06-20
635,Pooja Reddy,Female,37,Dehradun,North,26-11-2022
1129,Priya Rao,Female,22,Kolkata,East,04-11-2022
625,Sai Gupta,Male,28,Ahmedabad,West,2022-02-21
81,Myra Iyer,Female,29,Bhubaneswar,East,2022-11-02
950,Kavita Nair,Female,22,Delhi,North,2022-10-09
1055,Deepak Desai,Male,37,Ahmedabad,West,2022-03-20
185,Sanjay Patel,Male,27,Patna,East,2022-08-08
1169,Arun Gupta,Male,32,Jaipur,North,2022-01-31
1025,Riya Yadav,Female,29,Bangalore,South,14-06-2022
926,Sanjay Sharma,Male,40,Pune,West,2022-11-18
1423,Vivaan Thakur,Male,39,Chennai,South,2022-11-11
251,Ananya Bose,Female,31,Surat,West,2022-11-08
1338,Aditya Choudhury,Male,40,Jaipur,North,2022-04-27
442,Jiya Gupta,Female,48,Bhubaneswar,East,2022-12-03
384,Vivaan Iyer,Male,18,Mumbai,West,2022-12-15
1085,Kavita Patel,Female,28,Ahmedabad,West,2022-09-04
301,Vivaan Mehta,Male,24,Ahmedabad,West,2022-11-14
58,Meera Roy,Female,27,Jaipur,North,2021-10-28
1466,Ishaan Sharma,Male,18,Nagpur,West,2022-04-19
48,Amit Roy,Male,18,Guwahati,East,2022-12-02
1908,Vikram Verma,Male,18,Bangalore,South,2022-07-22
307,Manoj Sen,Male,29,Nagpur,West,13-03-2019
1726,Diya Pandey,Female,29,Delhi,North,2022-02-19
171,Diya Joshi,Female,50,Pune,West,29-11-2022
455,Sara Sen,Female,36,Ranchi,East,14-07-2022
1415,Krishna Patel,Male,18,Surat,West,2021-10-24
1285,Lakshmi Desai,Female,40,Dehradun,North,2022-12-23
649,Ishaan Verma,Male,78,Bhubaneswar,East,
101,Saanvi Yadav,Female,18,Chennai,South,2022-02-07
445,Diya Singh,Female,53,Dehradun,North,2022-12-01
93,Arun Patel,Male,34,Chandigarh,North,2022-11-14
233,Anita Das,Female,30,Surat,West,2022-12-23
1897,Raj Bose,Male,28,Patna,East,2022-07-17
701,Diya Rao,Female,38,Jaipur,North,2022-11-03
1958,Amit Shah,Male,30,Coimbatore,South,2022-03-16
241,Manoj Gupta,Male,22,Ranchi,East,2022-10-04
71,Ishaan Nair,Male,29,Delhi,North,2022-04-10
633,Jiya Roy,Female,38,Delhi,North,
37,Raj Desai,Male,42,Guwahati,East,12-09-2021
1214,Saanvi Kumar,Female,55,Surat,West,2022-10-05
1146,Krishna Pandey,Male,36,Coimbatore,South,2022-04-08
1946,Vikram Joshi,Male,49,Ahmedabad,West,2022-11-14
642,Ravi Reddy,Male,32,Chennai,South,25-05-2021
325,Ravi Singh,Male,34,Dehradun,North,2022-06-17
1883,Reyansh Sen,Male,33,Ahmedabad,West,2022-07-15
1457,Reyansh Verma,Male,37,Mumbai,West,2022-06-11
1216,Sanjay Sen,Male,44,Hyderabad,South,2021-07-21
337,Sai Iyer,Male,29,Pune,West,2021-12-08
1503,Neha Patel,Female,25,Coimbatore,South,2022-11-03
1140,Jiya Sen,Other,45,Kochi,South,2021-05-16
1345,Vikram Das,Male,44,Ranchi,East,2020-09-23
710,Ananya Das,Female,51,Mumbai,West,2022-10-26
1615,Diya Das,Female,28,Guwahati,East,2022-09-18
347,Sara Sen,Female,32,Kolkata,East,2022-11-08
1552,Ravi Reddy,Male,45,Lucknow,North,2021-08-26
1289,Ananya Roy,Other,29,Pune,West,2022-11-26
77,Ananya Sen,Female,42,Patna,East,2022-12-21
1291,Rahul Iyer,Male,32,Kolkata,East,2022-12-15
1226,Vikram Bose,Male,38,Jaipur,North,2022-12-03
420,Priya Thakur,Female,22,Lucknow,North,2021-04-22
148,Rahul Verma,Male,35,Lucknow,North,2022-11-12
1086,Rahul Kumar,Male,18,Kolkata,East,2022-09-09
16,Aadhya Desai,Female,48,Delhi,North,2022-04-24
848,Priya Pandey,Female,43,Ahmedabad,West,2022-07-30
1847,Ravi Nair,Male,24,Lucknow,North,2022-10-01
786,Sara Roy,Female,54,Nagpur,West,2021-12-09
451,Rahul Thakur,Male,47,Mumbai,West,2022-11-05
1229,Myra Patel,Female,22,Chennai,South,2022-11-24
340,Sara Kumar,Female,29,Chennai,South,2022-09-22
605,Ananya Menon,Female,23,Coimbatore,South,2022-02-16
1199,Ravi Sen,Male,38,Mumbai,West,2022-08-18
130,Krishna Bose,Male,28,Guwahati,East,2022-11-01
917,Kavita Roy,Female,18,Ranchi,East,2022-07-22
1863,Amit Mukherjee,Male,34,Lucknow,North,2022-09-21
1182,Arun Shah,Male,45,Mumbai,West,
1020,Saanvi Yadav,Female,36,Patna,East,2022-05-09
680,Aadhya Kumar,Female,40,Delhi,North,2022-02-26
1543,Riya Nair,Female,37,Chennai,South,2022-08-04
391,Vikram Shah,Male,43,Jaipur,North,2022-10-02
854,Amit Gupta,Male,38,Surat,West,2022-10-22
1806,Riya Desai,Female,33,Dehradun,North,2022-07-31
763,Amit Roy,Male,36,Nagpur,West,2022-09-11
1303,Riya Desai,Female,51,Surat,West,2022-12-27
45,Arjun Menon,Male,41,Dehradun,North,2022-06-22
421,Aditya Desai,Male,24,Chandigarh,North,2022-11-28
795,Raj Reddy,Male,35,Dehradun,North,2022-08-03
1021,Myra Bose,Female,38,Kochi,South,2022-02-28
1398,Diya Thakur,Female,33,Chennai,South,2020-12-23
1335,Deepak Shah,Male,18,Lucknow,North,2022-12-23
1098,Myra Reddy,Other,25,Surat,West,2022-12-23
1551,Sanjay Menon,Male,30,Jaipur,North,2022-11-16
1686,Aditya Singh,Male,55,Jaipur,North,2022-07-14
330,Kavita Patel,Female,40,Nagpur,West,2022-10-13
1445,Ravi Iyer,Male,18,Surat,West,2022-02-23
387,Reyansh Reddy,Male,33,Jaipur,North,2022-10-16
1929,Anita Mukherjee,Female,49,Coimbatore,South,2022-10-12
1312,Aarav Singh,Male,28,Kochi,South,20-11-2022
869,Sai Roy,Male,46,Pune,West,17-12-2022
1644,Myra Rao,Female,18,Nagpur,West,2022-02-05
354,Raj Iyer,Male,18,Mumbai,West,2022-11-17
496,Ananya Nair,Female,48,Delhi,North,
552,Meera Kumar,Female,29,Lucknow,North,2022-10-06
1994,Meera Verma,Female,18,Coimbatore,South,2021-09-03
1005,Ishaan Iyer,Male,30,Delhi,North,2022-12-10
1365,Vikram Desai,Male,37,Ahmedabad,West,2022-08-18
676,Meera Gupta,Female,39,Bhubaneswar,East,2022-12-27
594,Manoj Menon,Male,18,Kochi,South,2022-12-01
960,Saanvi Gupta,Female,27,Dehradun,North,2022-06-23
1057,Manoj Choudhury,Male,35,Mumbai,West,2022-05-21
1767,Sara Singh,Female,39,Surat,West,2022-12-20
290,Aadhya Sen,Female,24,Nagpur,West,2022-07-15
3,Saanvi Yadav,Other,32,Bangalore,South,2021-08-18
887,Aadhya Yadav,Female,28,Chandigarh,North,2022-10-15
520,Geeta Yadav,Other,37,Mumbai,West,11-08-2022
1018,Diya Reddy,Female,47,Dehradun,North,2022-03-04
349,Raj Verma,Male,31,Delhi,North,2022-07-15
425,Priya Mukherjee,Female,19,Pune,West,2022-12-12
809,Reyansh Pandey,Male,27,Nagpur,West,2022-10-15
910,Manoj Pandey,Male,54,Ranchi,East,2022-06-22
283,Aarav Bose,Male,25,Chandigarh,North,2022-12-19
72,Aarav Pandey,Male,21,Chandigarh,North,2022-12-02
1596,Jiya Shah,Female,30,Pune,West,2022-02-19
1729,Saanvi Shah,Female,33,Surat,West,2022-11-29
521,Arjun Desai,Male,29,Delhi,North,2021-12-17
1535,Meera Yadav,Female,18,Bangalore,South,
196,Sanjay Rao,Male,38,Surat,West,2022-05-10
1096,Ravi Reddy,Male,37,Surat,West,2022-07-07
1563,Aarav Thakur,Male,42,Kolkata,East,2022-10-01
1325,Myra Gupta,Female,37,Jaipur,North,2022-06-12
468,Saanvi Patel,Other,52,Chennai,South,2022-09-23
250,Lakshmi Gupta,Female,43,Jaipur,North,2022-12-04
484,Raj Iyer,Male,41,Ahmedabad,West,2022-02-13
1127,Lakshmi Roy,Female,48,Patna,East,2022-09-22
1042,Raj Roy,Male,36,Patna,East,08-10-2022
280,Jiya Thakur,Female,32,Chandigarh,North,2022-02-01
723,Aadhya Menon,Female,38,Kolkata,East,2022-09-04
1409,Jiya Sen,Female,18,Jaipur,North,2022-08-01
299,Vikram Choudhury,Male,36,Kolkata,East,2022-10-23
734,Sara Mehta,Female,33,Guwahati,East,2022-05-12
1153,Sai Choudhury,Male,39,Ahmedabad,West,2022-10-17
158,Ravi Singh,Male,46,Kochi,South,2021-07-23
1052,Arun Thakur,Male,41,Ranchi,East,2022-10-01
1076,Sai Bose,Male,27,Lucknow,North,2020-09-18
1638,Meera Menon,Other,44,Bangalore,South,2022-12-28
1556,Rahul Shah,Male,53,Nagpur,West,06-06-2022
1602,Arjun Das,Male,46,Hyderabad,South,2022-12-09
1381,Krishna Joshi,Male,20,Lucknow,North,2022-10-27
1007,Myra Menon,Female,41,Chandigarh,North,
96,Ravi Mukherjee,Male,22,Guwahati,East,2022-11-29
418,Ananya Desai,Female,31,Kochi,South,2022-09-26
1486,Arun Gupta,Male,39,Pune,West,2022-12-17
1714,Kavita Kumar,Female,37,Bhubaneswar,East,2022-10-04
565,Aditya Choudhury,Male,46,Lucknow,North,30-11-2022
1850,Krishna Rao,Male,53,Mumbai,West,2022-11-15
163,Kavita Nair,Female,40,Dehradun,North,2021-09-19
1384,Aditya Iyer,Male,31,Nagpur,West,2022-09-26
1592,Vikram Reddy,Male,18,Hyderabad,South,2022-12-27
1330,Sai Sharma,Male,49,Ranchi,East,2022-07-28
624,Priya Thakur,Female,34,Surat,West,2022-07-26
646,Geeta Mukherjee,Female,34,Mumbai,West,2022-10-02
30,Reyansh Joshi,Male,35,Lucknow,North,2022-11-05
1612,Aditya Iyer,Male,39,Jaipur,North,2022-05-24
497,Sai Nair,Male,40,Pune,West,2022-10-09
716,Ishaan Sharma,Male,32,Lucknow,North,2022-08-11
1262,Geeta Das,Female,33,Kolkata,East,2022-02-14
295,Aarav Nair,Male,28,Ahmedabad,West,2022-03-13
135,Vivaan Pandey,Male,27,Kolkata,East,02-03-2022
1711,Amit Patel,Male,27,Surat,West,2021-09-09
1315,Myra Mehta,Female,33,Pune,West,2022-10-19
1189,Sara Bose,Female,25,Nagpur,West,2021-12-29
1367,Pooja Roy,Female,18,Pune,West,2022-10-20
1662,Kavita Desai,Female,30,Surat,West,2022-10-03
1231,Geeta Reddy,Female,21,Chandigarh,North,2022-08-02
1016,Ravi Nair,Male,36,Mumbai,West,2022-03-13
1318,Arjun Desai,Male,28,Guwahati,East,2022-12-03
951,Aadhya Shah,Other,40,Bhubaneswar,East,2022-11-06
1191,Vivaan Pandey,Male,22,Mumbai,West,2022-06-11
371,Neha Nair,Female,18,Bhubaneswar,East,2022-12-22
1510,Sara Choudhury,Female,33,Surat,West,2022-05-31
193,Lakshmi Nair,Female,30,Chennai,South,2022-11-24
1235,Saanvi Sen,Female,20,Guwahati,East,2021-12-06
1351,Aditya Roy,Male,43,Guwahati,East,2021-11-21
1787,Ravi Gupta,Male,23,Ahmedabad,West,2022-09-28
556,Vikram Sen,Male,26,Mumbai,West,2022-11-13
1801,Sanjay Iyer,Male,45,Jaipur,North,2022-06-14
674,Aditya Gupta,Male,40,Dehradun,North,2022-02-22
1773,Aadhya Rao,Female,22,Ahmedabad,West,2022-05-05
1296,Aadhya Nair,Female,31,Dehradun,North,2022-10-13
527,Priya Patel,Female,21,Chennai,South,2022-12-17
886,Krishna Sharma,Male,44,Nagpur,West,2020-08-02
414,Myra Sen,Female,44,Chandigarh,North,05-01-2022
792,Aadhya Patel,Female,55,Pune,West,2022-11-01
1762,Manoj Das,Male,60,Surat,West,2022-09-28
332,Neha Yadav,Female,28,Lucknow,North,2022-09-23
1077,Aadhya Das,Female,42,Nagpur,West,2022-01-24
1603,Priya Das,Female,18,Chandigarh,North,22-11-2022
1518,Sanjay Joshi,Male,37,Kochi,South,
1774,Lakshmi Thakur,Female,39,Jaipur,North,2022-08-08
38,Pooja Patel,Female,24,Delhi,North,16-04-2022
1996,Rahul Rao,Male,27,Nagpur,West,2022-11-10
1910,Ananya Nair,Female,44,Guwahati,East,2022-10-23
945,Rahul Singh,Male,39,Nagpur,West,
411,Arun Desai,Male,53,Pune,West,09-06-2022
1429,Raj Gupta,Male,51,Chennai,South,2022-07-31
990,Pooja Pandey,Other,18,Kochi,South,2022-04-13
1785,Pooja Bose,Female,29,Chennai,South,2022-11-16
711,Aadhya Choudhury,Other,23,Surat,West,
422,Vivaan Roy,Male,43,Kochi,South,2022-04-29
1637,Jiya Verma,Other,38,Coimbatore,South,2022-01-26
1600,Aadhya Gupta,Female,24,Chennai,South,2022-12-24
1046,Sai Pandey,Male,25,Bhubaneswar,East,2022-09-06
108,Priya Mukherjee,Female,48,Mumbai,West,2021-09-13
1827,Geeta Patel,Female,30,Jaipur,North,2022-12-30
329,Ananya Menon,Female,18,Mumbai,West,2022-12-17
342,Sara Desai,Female,23,Delhi,North,2022-08-12
1577,Jiya Sen,Female,56,Bhubaneswar,East,2022-11-28
1378,Vivaan Iyer,Male,46,Guwahati,East,2021-05-07
949,Aadhya Reddy,Female,21,Ahmedabad,West,2022-12-23
982,Aditya Choudhury,Male,37,Surat,West,
504,Deepak Patel,Male,45,Chandigarh,North,2022-08-30
1688,Anita Iyer,Female,18,Pune,West,
651,Amit Thakur,Male,46,Bhubaneswar,East,2022-09-30
1845,Priya Roy,Female,39,Kochi,South,2022-10-31
600,Geeta Patel,Female,26,Ahmedabad,West,2022-08-20
186,Ravi Patel,Male,41,Lucknow,North,2022-03-25
285,Aadhya Roy,Female,38,Ranchi,East,
1792,Arun Menon,Male,39,Chandigarh,North,2022-10-30
453,Krishna Bose,Male,36,Coimbatore,South,
668,Arjun Bose,Male,25,Bangalore,South,2022-06-20
532,Pooja Shah,Female,27,Bangalore,South,2022-07-05
1348,Sanjay Kumar,Male,32,Surat,West,
180,Kavita Mukherjee,Female,35,Surat,West,2022-10-23
775,Sai Reddy,Male,42,Dehradun,North,2022-10-18
1821,Geeta Choudhury,Female,56,Jaipur,North,
1719,Deepak Thakur,Male,37,Nagpur,West,2022-12-13
1793,Rahul Yadav,Male,42,Surat,West,2022-10-01
1611,Reyansh Sharma,Male,44,Delhi,North,2022-12-10
1680,Aarav Reddy,Male,42,Patna,East,2023-01-01
1143,Ishaan Patel,Male,24,Kochi,South,
1453,Reyansh Pandey,Male,49,Surat,West,2022-12-30
22,Neha Reddy,Female,47,Kochi,South,
1802,Geeta Das,Female,36,Nagpur,West,2022-08-04
590,Anita Verma,Female,25,Guwahati,East,2022-08-11
882,Jiya Joshi,Female,35,Nagpur,West,07-10-2022
857,Pooja Iyer,Female,18,Kochi,South,13-11-2022
691,Riya Yadav,Female,51,Chennai,South,2022-12-15
1487,Rahul Sen,Male,28,Chandigarh,North,2022-11-27
1080,Riya Singh,Female,31,Surat,West,2020-11-06
27,Meera Roy,Female,50,Pune,West,2021-12-25
257,Aditya Thakur,Male,18,Patna,East,2020-05-01
619,Sara Das,Female,49,Surat,West,2022-10-22
1501,Vivaan Sharma,Male,38,Hyderabad,South,2022-10-28
753,Manoj Verma,Male,53,Ahmedabad,West,2022-06-09
443,Sara Choudhury,Female,24,Lucknow,North,2022-10-25
911,Diya Choudhury,Female,38,Chennai,South,2022-12-08
1265,Sara Yadav,Female,24,Jaipur,North,2022-07-30
613,Sara Gupta,Other,47,Nagpur,West,2022-04-24
1209,Diya Bose,Female,46,Delhi,North,2021-12-26
1674,Saanvi Pandey,Female,54,Kochi,South,2022-07-12
1851,Sara Singh,Female,34,Bhubaneswar,East,2022-11-25
1885,Ishaan Sen,Male,57,Mumbai,West,2022-01-25
513,Kavita Menon,Female,23,Kolkata,East,2022-11-23
279,Geeta Shah,Female,34,Patna,East,2022-07-27
966,Geeta Joshi,Female,24,Jaipur,North,2022-08-14
413,Sanjay Bose,Male,37,Ahmedabad,West,2022-08-13
1212,Aarav Yadav,Male,25,Mumbai,West,
312,Saanvi Das,Other,47,Delhi,North,2022-12-25
706,Diya Iyer,Female,40,Nagpur,West,2022-08-30
480,Amit Pandey,Male,22,Ahmedabad,West,
1270,Aadhya Yadav,Female,44,Chennai,South,2022-07-14
1251,Riya Yadav,Female,52,Kochi,South,2022-10-12
296,Myra Verma,Female,41,Guwahati,East,2022-07-01
944,Aadhya Bose,Female,19,Ahmedabad,West,2022-05-29
1073,Anita Bose,Female,33,Chennai,South,08-08-2022
1464,Pooja Joshi,Female,42,Ahmedabad,West,2022-12-29
767,Sara Pandey,Other,32,Lucknow,North,2022-10-25
610,Sara Verma,Female,23,Mumbai,West,2022-06-13
315,Ananya Sen,Female,48,Chennai,South,2022-10-03
812,Neha Shah,Other,31,Coimbatore,South,2022-09-28
170,Neha Gupta,Female,52,Coimbatore,South,2021-08-28
1982,Riya Gupta,Female,29,Jaipur,North,2022-07-27
1489,Vivaan Das,Male,31,Surat,West,2021-04-14
1705,Manoj Mehta,Male,28,Ranchi,East,2022-10-19
847,Jiya Iyer,Female,33,Kochi,South,2022-08-28
273,Geeta Kumar,Female,40,Chandigarh,North,2019-12-31
931,Manoj Bose,Male,24,Chandigarh,North,2022-09-15
153,Sai Choudhury,Male,22,Bangalore,South,2022-12-10
1771,Arjun Shah,Male,18,Kolkata,East,2021-12-11
231,Amit Shah,Male,18,Kochi,South,
1525,Geeta Verma,Female,20,Ahmedabad,West,2022-09-18
1609,Arun Sharma,Male,29,Lucknow,North,
1861,Anita Mukherjee,Female,36,Bhubaneswar,East,2021-08-12
203,Reyansh Singh,Male,39,Guwahati,East,2022-12-03
1679,Aadhya Pandey,Female,36,Coimbatore,South,2022-09-07
824,Krishna Mehta,Male,50,Bangalore,South,2022-10-01
1871,Pooja Iyer,Female,54,Chandigarh,North,2022-10-19
604,Anita Choudhury,Female,31,Ranchi,East,01-12-2022
641,Diya Mukherjee,Female,24,Guwahati,East,2022-05-08
1571,Sai Sharma,Male,58,Chennai,South,2021-12-28
1238,Riya Patel,Female,48,Nagpur,West,2022-07-31
1697,Jiya Sharma,Female,47,Chennai,South,2022-08-15
1887,Kavita Mehta,Female,28,Bangalore,South,2022-12-18
240,Anita Singh,Female,44,Delhi,North,2022-10-03
704,Saanvi Verma,Female,36,Bhubaneswar,East,2022-10-30
73,Anita Mehta,Female,34,Chandigarh,North,2022-09-21
1106,Deepak Gupta,Male,34,Chandigarh,North,2022-07-23
1914,Jiya Bose,Female,40,Surat,West,2022-02-18
591,Vikram Sen,Male,51,Kolkata,East,2022-12-17
475,Krishna Sharma,Male,59,Coimbatore,South,2022-02-18
67,Reyansh Menon,Male,30,Guwahati,East,01-04-2022
597,Reyansh Shah,Male,37,Patna,East,2022-12-09
963,Geeta Choudhury,Female,33,Kolkata,East,2021-12-23
1049,Anita Iyer,Other,39,Mumbai,West,29-07-2022
1388,Raj Thakur,Male,18,Hyderabad,South,2021-08-25
6,Manoj Menon,Male,32,Dehradun,North,2022-03-09
321,Deepak Yadav,Male,57,Chandigarh,North,2021-07-09
154,Geeta Reddy,Other,27,Bhubaneswar,East,2022-09-19
356,Pooja Yadav,Female,30,Patna,East,2022-06-30
492,Ishaan Sen,Male,28,Ahmedabad,West,21-07-2022
322,Ananya Rao,Female,33,Kolkata,East,2021-11-09
167,Arun Mehta,Male,20,Kolkata,East,2022-09-18
1531,Riya Thakur,Female,29,Jaipur,North,2022-12-24
1866,Sai Yadav,Male,39,Mumbai,West,2022-07-26
426,Riya Sharma,Female,39,Delhi,North,2022-10-15
204,Meera Reddy,Female,37,Dehradun,North,2022-02-21
124,Neha Joshi,Female,50,Ahmedabad,West,
1498,Priya Sharma,Female,40,Jaipur,North,
879,Saanvi Choudhury,Female,49,Dehradun,North,2021-06-10
609,Saanvi Patel,Female,59,Kolkata,East,18-11-2022
1784,Pooja Reddy,Female,44,Mumbai,West,2022-07-09
923,Pooja Thakur,Female,20,Guwahati,East,
1263,Diya Desai,Female,38,Kochi,South,2022-07-19
463,Riya Roy,Female,36,Bangalore,South,2022-11-16
853,Raj Das,Male,52,Bhubaneswar,East,
243,Aarav Pandey,Male,33,Jaipur,North,2022-11-30
1458,Priya Kumar,Female,26,Bangalore,South,2022-11-26
175,Arun Das,Male,29,Nagpur,West,2022-12-23
1701,Pooja Joshi,Female,21,Chandigarh,North,2022-10-02
1491,Kavita Bose,Female,18,Mumbai,West,2022-10-07
311,Sara Iyer,Female,57,Bangalore,South,
110,Vikram Yadav,Male,35,Chandigarh,North,21-12-2022
152,Ravi Patel,Male,22,Delhi,North,2022-12-19
1008,Deepak Mehta,Male,53,Jaipur,North,2021-12-19
821,Ananya Sen,Female,55,Kochi,South,2022-08-08
134,Kavita Iyer,Female,36,Mumbai,West,2022-06-29
234,Ishaan Gupta,Male,20,Dehradun,North,2022-12-24
979,Priya Mukherjee,Female,29,Dehradun,North,2022-11-29
518,Sanjay Kumar,Male,32,Delhi,North,
106,Rahul Menon,Male,35,Ranchi,East,2022-11-12
378,Amit Rao,Male,23,Hyderabad,South,2022-10-14
1527,Aadhya Verma,Female,45,Dehradun,North,2022-12-18
903,Ishaan Reddy,Male,18,Patna,East,2023-01-01
981,Arun Yadav,Male,47,Surat,West,2022-09-28
962,Vikram Rao,Male,50,Hyderabad,South,2022-09-02
583,Vivaan Roy,Male,31,Delhi,North,2022-10-20
1168,Riya Rao,Female,34,Jaipur,North,2022-11-27
1473,Kavita Pandey,Female,51,Kochi,South,2022-10-25
1122,Meera Sharma,Other,42,Delhi,North,2022-10-04
1202,Sanjay Reddy,Male,31,Bhubaneswar,East,
599,Sai Joshi,Male,32,Pune,West,2022-03-20
112,Saanvi Reddy,Female,40,Lucknow,North,2022-09-07
1920,Reyansh Mehta,Male,56,Mumbai,West,2021-09-28
562,Sanjay Joshi,Male,32,Hyderabad,South,2022-10-16
260,Geeta Yadav,Female,31,Chandigarh,North,2022-04-02
29,Ishaan Reddy,Male,35,Bhubaneswar,East,2022-11-17
1542,Krishna Verma,Male,35,Nagpur,West,2022-10-02
1462,Aadhya Desai,Female,38,Lucknow,North,2022-11-27
740,Jiya Reddy,Female,34,Surat,West,2022-03-19
466,Saanvi Bose,Female,48,Coimbatore,South,2022-09-25
607,Saanvi Desai,Female,25,Nagpur,West,2022-07-30
398,Jiya Roy,Female,39,Kochi,South,2022-01-04
206,Diya Reddy,Female,40,Chandigarh,North,2022-12-21
580,Ishaan Menon,Male,26,Kochi,South,2022-09-27
1075,Meera Nair,Female,39,Patna,East,2022-08-11
1508,Manoj Shah,Male,40,Delhi,North,2020-03-18
992,Geeta Sen,Female,18,Guwahati,East,2022-12-06
444,Pooja Mehta,Female,24,Jaipur,North,2022-12-07
1382,Meera Patel,Female,52,Coimbatore,South,2022-12-01
380,Pooja Joshi,Female,28,Delhi,North,2022-06-16
245,Kavita Reddy,Female,22,Ahmedabad,West,2022-09-04
1870,Pooja Reddy,Female,18,Pune,West,2022-07-23
395,Pooja Sharma,Female,23,Ahmedabad,West,2022-07-31
1178,Lakshmi Mehta,Female,33,Mumbai,West,2022-08-09
473,Aadhya Mehta,Female,21,Chandigarh,North,2022-08-02
1513,Riya Pandey,Female,42,Ahmedabad,West,2022-12-28
1114,Ishaan Das,Male,26,Surat,West,2022-10-15
555,Aarav Shah,Male,38,Chandigarh,North,2022-11-08
1799,Jiya Thakur,Female,50,Ahmedabad,West,2022-06-02
1260,Deepak Yadav,Male,50,Bhubaneswar,East,2022-05-07
1274,Diya Singh,Female,38,Lucknow,North,2022-07-16
872,Lakshmi Mehta,Female,22,Jaipur,North,
1944,Vikram Mukherjee,Male,34,Ahmedabad,West,
1805,Diya Yadav,Female,38,Kolkata,East,2022-11-01
1201,Deepak Menon,Male,62,Lucknow,North,2022-12-31
1195,Vivaan Shah,Male,18,Patna,East,2022-05-08
628,Lakshmi Kumar,Female,34,Pune,West,2022-12-28
499,Aditya Mehta,Male,42,Pune,West,
1244,Arun Kumar,Male,36,Bhubaneswar,East,2022-09-09
454,Riya Nair,Female,37,Chandigarh,North,2022-08-11
603,Neha Bose,Female,26,Coimbatore,South,2022-09-29
191,Vivaan Pandey,Male,45,Jaipur,North,2022-11-23
36,Anita Mehta,Female,35,Patna,East,2022-12-28
918,Ravi Sen,Male,37,Chennai,South,2021-11-29
1006,Vivaan Joshi,Male,46,Pune,West,2022-07-22
976,Anita Thakur,Female,31,Pune,West,2022-04-27
493,Arjun Shah,Male,49,Delhi,North,2021-10-19
1514,Geeta Sen,Female,21,Chandigarh,North,2022-11-06
1528,Aditya Iyer,Male,38,Surat,West,2022-11-23
495,Priya Mehta,Female,26,Lucknow,North,09-08-2022
1758,Sanjay Roy,Male,23,Kolkata,East,2022-07-26
392,Sanjay Singh,Male,56,Bhubaneswar,East,2022-12-17
1059,Aarav Rao,Male,21,Lucknow,North,16-12-2022
21,Aarav Thakur,Male,35,Kochi,South,2022-11-19
566,Vivaan Thakur,Male,20,Guwahati,East,2022-11-03
573,Sara Mehta,Female,48,Surat,West,
698,Priya Joshi,Female,30,Chennai,South,2022-06-27
530,Aarav Sharma,Male,46,Chennai,South,2021-09-03
727,Arjun Thakur,Male,41,Chandigarh,North,29-12-2022
435,Kavita Choudhury,Female,60,Ranchi,East,2022-06-20
999,Geeta Gupta,Female,18,Delhi,North,2022-06-11
1230,Deepak Iyer,Male,24,Kochi,South,2021-12-16
666,Raj Iyer,Male,46,Kolkata,East,
1730,Arun Gupta,Male,38,Nagpur,West,2022-11-09
59,Kavita Iyer,Female,32,Pune,West,2022-11-18
1245,Kavita Thakur,Female,57,Bhubaneswar,East,13-11-2022
1820,Manoj Iyer,Male,35,Nagpur,West,2022-04-21
1434,Neha Sharma,Other,26,Kolkata,East,2022-09-28
1329,Neha Rao,Female,46,Chandigarh,North,2022-11-20
924,Reyansh Mehta,Male,35,Delhi,North,2021-08-29
1436,Riya Pandey,Female,36,Pune,West,2022-10-28
178,Diya Bose,Female,42,Surat,West,2022-06-04
503,Aarav Joshi,Male,43,Ahmedabad,West,2021-05-05
661,Vivaan Thakur,Male,24,Pune,West,2022-06-15
550,Vikram Kumar,Male,31,Bangalore,South,
1249,Diya Iyer,Female,19,Pune,West,
1266,Priya Joshi,Female,38,Guwahati,East,2022-10-26
991,Ishaan Joshi,Male,55,Coimbatore,South,2022-04-30
1256,Sanjay Iyer,Male,24,Jaipur,North,15-11-2022
554,Sai Roy,Male,18,Coimbatore,South,2022-11-23
1069,Reyansh Roy,Male,28,Jaipur,North,2022-04-01
1323,Amit Rao,Male,32,Ranchi,East,2022-04-26
892,Sanjay Menon,Male,43,Guwahati,East,2021-11-18
1780,Kavita Singh,Female,31,Pune,West,2021-06-17
942,Aarav Bose,Male,39,Ahmedabad,West,2022-10-08
1840,Lakshmi Pandey,Female,29,Kochi,South,2022-09-04
888,Myra Das,Other,32,Mumbai,West,2022-12-12
217,Priya Das,Female,26,Ahmedabad,West,2022-03-10
1004,Meera Yadav,Female,22,Jaipur,North,2021-12-22
1268,Neha Roy,Female,43,Lucknow,North,2022-01-16
26,Aadhya Nair,Female,30,Patna,East,2022-04-16
699,Saanvi Sharma,Female,39,Delhi,North,2021-07-28
1554,Lakshmi Yadav,Female,25,Kolkata,East,2022-06-09
1754,Ravi Kumar,Male,35,Ahmedabad,West,2022-06-29
1903,Lakshmi Mukherjee,Female,18,Kochi,South,2022-08-26
1977,Myra Gupta,Female,31,Bhubaneswar,East,2022-03-16
1092,Ishaan Pandey,Male,26,Hyderabad,South,
712,Sara Patel,Female,48,Surat,West,2022-04-26
85,Geeta Kumar,Female,21,Chandigarh,North,2022-03-07
1160,Sai Bose,Male,33,Surat,West,2022-01-15
1725,Ishaan Verma,Male,38,Pune,West,2022-12-07
618,Geeta Sen,Female,46,Ranchi,East,12-06-2022
209,Aditya Mehta,Male,44,Delhi,North,2022-11-10
1692,Jiya Roy,Female,34,Mumbai,West,
156,Diya Gupta,Female,35,Delhi,North,2022-05-19
407,Pooja Roy,Female,48,Bhubaneswar,East,2022-10-06
813,Vikram Desai,Male,34,Ahmedabad,West,2022-11-29
769,Vivaan Shah,Male,36,Mumbai,West,25-11-2022
1264,Reyansh Sharma,Male,48,Ranchi,East,2022-05-17
1733,Neha Shah,Female,62,Guwahati,East,2022-09-12
53,Ananya Iyer,Female,37,Ahmedabad,West,
1589,Vikram Thakur,Male,40,Coimbatore,South,2022-12-12
1454,Myra Shah,Female,44,Kochi,South,2022-02-07
638,Sara Pandey,Female,48,Coimbatore,South,2022-10-12
336,Manoj Mukherjee,Male,46,Nagpur,West,
1200,Sanjay Kumar,Male,28,Mumbai,West,2022-09-29
344,Neha Reddy,Female,38,Delhi,North,06-12-2021
756,Vikram Mehta,Male,46,Pune,West,2022-11-06
525,Sara Thakur,Female,50,Dehradun,North,2022-11-11
1363,Kavita Joshi,Female,33,Nagpur,West,
447,Lakshmi Iyer,Female,38,Ranchi,East,2022-10-04
1254,Krishna Joshi,Male,39,Hyderabad,South,
1811,Priya Pandey,Female,35,Nagpur,West,2022-10-14
1358,Lakshmi Mukherjee,Female,38,Ahmedabad,West,19-09-2022
259,Geeta Desai,Female,18,Pune,West,2021-12-16
1573,Neha Gupta,Female,70,Coimbatore,South,2022-12-06
1279,Amit Joshi,Male,60,Guwahati,East,
42,Diya Rao,Female,33,Coimbatore,South,2022-06-20
1449,Arun Iyer,Male,33,Surat,West,2022-07-23
1989,Diya Desai,Other,18,Chandigarh,North,2022-03-31
64,Neha Yadav,Female,18,Pune,West,2022-11-23
83,Anita Thakur,Female,40,Pune,West,2022-09-26
1550,Kavita Das,Female,46,Ahmedabad,West,2022-09-13
460,Manoj Pandey,Male,44,Chennai,South,2022-08-25
1447,Sara Singh,Female,25,Coimbatore,South,2022-10-24
107,Amit Sen,Male,43,Nagpur,West,17-10-2022
1698,Reyansh Reddy,Male,33,Chandigarh,North,2022-12-22
1769,Arjun Thakur,Male,30,Pune,West,2022-11-18
1451,Saanvi Verma,Other,20,Jaipur,North,2023-01-01
1585,Manoj Iyer,Male,27,Kochi,South,2022-12-09
517,Lakshmi Joshi,Female,40,Chandigarh,North,2022-12-20
864,Sai Iyer,Male,38,Mumbai,West,2022-09-22
1909,Lakshmi Nair,Female,36,Guwahati,East,2022-12-10
1772,Aditya Gupta,Male,18,Ranchi,East,2022-10-09
692,Jiya Nair,Female,36,Mumbai,West,2022-07-11
670,Arun Iyer,Male,28,Ahmedabad,West,2022-12-26
1630,Aditya Yadav,Male,38,Nagpur,West,2020-06-14
1740,Ananya Mehta,Female,48,Ranchi,East,2022-10-18
671,Myra Bose,Female,30,Nagpur,West,2022-09-18
1379,Sara Reddy,Female,36,Mumbai,West,2022-01-11
533,Saanvi Sharma,Female,57,Bhubaneswar,East,
1320,Sai Patel,Male,38,Kolkata,East,
373,Sai Das,Male,34,Mumbai,West,2020-11-12
946,Manoj Menon,Male,26,Surat,West,
278,Rahul Rao,Male,44,Patna,East,2020-08-12
1844,Diya Joshi,Female,24,Chandigarh,North,2022-12-31
172,Aadhya Rao,Female,49,Ranchi,East,2022-10-01
1523,Ravi Patel,Male,42,Bhubaneswar,East,2022-10-19
1156,Lakshmi Sen,Female,28,Lucknow,North,2022-02-19
1213,Aadhya Choudhury,Female,26,Lucknow,North,2022-12-20
807,Priya Yadav,Female,26,Coimbatore,South,2022-11-25
56,Reyansh Desai,Male,18,Surat,West,2022-09-26
1891,Neha Patel,Other,40,Coimbatore,South,08-10-2022
1483,Aditya Shah,Male,18,Ahmedabad,West,12-12-2022
958,Arjun Mehta,Male,34,Pune,West,2021-06-29
1745,Arjun Kumar,Male,33,Bhubaneswar,East,2022-10-30
829,Sara Bose,Female,31,Coimbatore,South,2022-10-24
689,Sara Verma,Female,40,Jaipur,North,2022-12-09
797,Lakshmi Roy,Female,28,Bhubaneswar,East,04-07-2022
60,Reyansh Singh,Male,36,Hyderabad,South,18-12-2022
1642,Neha Thakur,Other,49,Guwahati,East,2021-06-21
893,Riya Bose,Other,41,Kochi,South,2022-11-29
559,Neha Menon,Female,30,Kolkata,East,2022-01-20
1843,Vikram Patel,Male,35,Kolkata,East,2022-04-12
1000,Saanvi Mukherjee,Female,31,Lucknow,North,2021-08-28
1715,Ananya Das,Female,33,Pune,West,2022-11-02
1236,Sara Mehta,Female,37,Chandigarh,North,2022-11-01
1119,Geeta Yadav,Female,19,Bhubaneswar,East,2022-08-13
1404,Diya Rao,Female,18,Chennai,South,2022-12-01
1917,Neha Kumar,Female,25,Chandigarh,North,2022-10-27
799,Geeta Roy,Female,40,Hyderabad,South,2022-08-29
1786,Krishna Choudhury,Male,42,Mumbai,West,2022-06-29
721,Pooja Reddy,Female,43,Dehradun,North,2022-12-02
13,Diya Sen,Female,25,Surat,West,
1632,Amit Shah,Male,36,Lucknow,North,2022-09-27
780,Rahul Sharma,Male,30,Jaipur,North,2022-11-27
1180,Aadhya Das,Female,33,Jaipur,North,04-10-2022
41,Arun Mehta,Male,30,Hyderabad,South,2021-01-16
1691,Raj Gupta,Male,37,Surat,West,2022-10-07
798,Ravi Sharma,Male,27,Chennai,South,
861,Ravi Pandey,Male,47,Bangalore,South,2022-11-24
424,Arun Thakur,Male,48,Mumbai,West,2022-12-20
128,Aadhya Desai,Female,40,Surat,West,2022-10-20
852,Lakshmi Singh,Female,46,Delhi,North,2022-10-14
955,Rahul Bose,Male,19,Chandigarh,North,04-12-2022
1112,Aarav Das,Male,48,Bhubaneswar,East,2022-10-07
678,Neha Rao,Female,39,Dehradun,North,2022-12-07
835,Arjun Nair,Male,28,Pune,West,2022-10-29
850,Arun Yadav,Male,27,Mumbai,West,2022-06-30
1722,Saanvi Reddy,Female,52,Nagpur,West,2022-10-12
1930,Arjun Singh,Male,44,Hyderabad,South,2022-02-23
313,Geeta Sharma,Female,33,Kolkata,East,2022-03-17
785,Manoj Menon,Male,19,Pune,West,2022-11-27
474,Vivaan Bose,Male,49,Bangalore,South,2022-12-28
309,Raj Shah,Male,22,Pune,West,2022-06-05
1838,Vivaan Sharma,Male,30,Lucknow,North,2022-07-16
166,Arjun Das,Male,33,Jaipur,North,2022-11-13
1107,Arjun Thakur,Male,27,Dehradun,North,2022-12-04
655,Rahul Pandey,Male,32,Nagpur,West,2022-10-30
688,Raj Reddy,Male,34,Kolkata,East,2022-12-09
557,Arjun Verma,Male,32,Patna,East,2022-10-27
481,Arjun Patel,Male,38,Nagpur,West,2021-12-09
586,Priya Choudhury,Female,53,Mumbai,West,
159,Meera Shah,Female,19,Bangalore,South,2022-11-30
901,Ravi Bose,Male,36,Nagpur,West,2021-10-12
563,Raj Yadav,Male,22,Ahmedabad,West,20-04-2022
490,Priya Pandey,Female,18,Surat,West,2022-10-19
1284,Myra Kumar,Female,45,Coimbatore,South,2022-12-23
993,Lakshmi Rao,Female,37,Chennai,South,09-11-2022
1068,Ananya Bose,Female,18,Ranchi,East,2022-05-01
568,Anita Yadav,Female,32,Bangalore,South,2021-10-06
507,Krishna Menon,Male,18,Chandigarh,North,2021-05-25
531,Reyansh Nair,Male,25,Mumbai,West,2022-09-18
922,Ishaan Choudhury,Male,18,Lucknow,North,2021-10-26
973,Kavita Patel,Other,33,Nagpur,West,2022-08-03
326,Amit Desai,Male,42,Mumbai,West,2022-10-18
914,Raj Kumar,Male,41,Bangalore,South,2022-09-21
1900,Sara Pandey,Other,30,Surat,West,2022-03-23
874,Ishaan Sen,Male,46,Lucknow,North,2021-08-10
1034,Lakshmi Singh,Female,50,Kochi,South,2022-03-13
1255,Myra Roy,Female,42,Chandigarh,North,2022-01-31
907,Arun Pandey,Male,28,Lucknow,North,
650,Deepak Thakur,Male,33,Kolkata,East,
1220,Deepak Gupta,Male,52,Pune,West,2022-10-14
1145,Sara Mehta,Female,31,Bangalore,South,2022-07-04
1604,Diya Singh,Female,41,Delhi,North,2022-08-12
1321,Ananya Sharma,Female,26,Mumbai,West,2022-11-21
274,Myra Reddy,Female,46,Dehradun,North,2022-09-05
935,Anita Desai,Female,25,Patna,East,19-11-2022
249,Sara Sharma,Female,34,Mumbai,West,2022-09-07
511,Ravi Singh,Male,41,Chandigarh,North,
1142,Amit Joshi,Male,55,Surat,West,2022-11-10
1631,Sara Roy,Female,37,Delhi,North,2022-09-17
952,Anita Shah,Female,32,Lucknow,North,01-01-2023
1061,Diya Rao,Female,31,Jaipur,North,2022-12-25
361,Geeta Singh,Female,45,Ahmedabad,West,2022-08-11
449,Arjun Nair,Male,40,Ahmedabad,West,2022-12-03
871,Myra Sharma,Female,42,Pune,West,2022-05-10
219,Reyansh Mehta,Male,51,Kochi,South,2022-04-12
12,Ravi Pandey,Male,35,Bangalore,South,2022-10-18
303,Deepak Shah,Male,39,Kochi,South,2022-06-27
500,Kavita Singh,Other,31,Pune,West,2022-03-03
1432,Jiya Choudhury,Female,26,Patna,East,2022-07-22
1013,Geeta Bose,Female,28,Patna,East,2022-01-19
787,Aarav Reddy,Male,18,Mumbai,West,2022-10-19
399,Reyansh Gupta,Male,40,Lucknow,North,2022-11-26
1179,Aadhya Menon,Female,39,Ranchi,East,2022-09-22
1290,Neha Reddy,Female,40,Mumbai,West,2022-08-17
849,Reyansh Mehta,Male,25,Surat,West,2022-07-04
933,Myra Roy,Female,28,Pune,West,
150,Aditya Sharma,Male,28,Guwahati,East,
1252,Anita Roy,Female,47,Hyderabad,South,2022-06-18
1747,Ananya Menon,Female,37,Delhi,North,2022-09-21
1935,Sai Bose,Male,35,Jaipur,North,2022-11-09
95,Riya Choudhury,Female,43,Ahmedabad,West,2022-12-23
1463,Neha Das,Female,28,Ahmedabad,West,2022-10-29
302,Aadhya Pandey,Female,38,Dehradun,North,
1963,Myra Yadav,Female,57,Bhubaneswar,East,2022-11-30
1723,Deepak Kumar,Male,49,Lucknow,North,2022-10-08
636,Arjun Gupta,Male,38,Dehradun,North,2022-05-12
1594,Krishna Menon,Male,35,Delhi,North,28-09-2021
1647,Anita Reddy,Female,40,Kolkata,East,2022-11-24
687,Vivaan Mukherjee,Male,50,Surat,West,
1586,Ananya Shah,Female,49,Surat,West,2022-09-02
1297,Deepak Pandey,Male,53,Chennai,South,2022-08-19
1056,Ravi Pandey,Male,37,Ranchi,East,2022-11-23
582,Deepak Roy,Male,18,Kolkata,East,2022-03-13
174,Sanjay Patel,Male,56,Mumbai,West,2022-09-20
1873,Ishaan Thakur,Male,26,Pune,West,2022-11-04
348,Kavita Sen,Female,18,Ahmedabad,West,2021-09-02
970,Geeta Verma,Female,43,Surat,West,2021-09-28
1047,Myra Singh,Other,18,Guwahati,East,
1668,Anita Choudhury,Female,35,Mumbai,West,2022-12-26
906,Sai Menon,Male,18,Lucknow,North,2021-10-03
1500,Aditya Kumar,Male,31,Surat,West,2022-12-30
953,Raj Sen,Male,53,Pune,West,2022-09-04
660,Jiya Verma,Other,38,Hyderabad,South,2022-12-16
1341,Aadhya Sen,Female,35,Coimbatore,South,2022-07-14
1742,Ravi Bose,Male,40,Kolkata,East,2022-11-14
1188,Neha Yadav,Female,18,Mumbai,West,2022-12-18
1484,Deepak Kumar,Male,28,Kolkata,East,2022-12-12
1857,Myra Shah,Female,29,Ranchi,East,2022-11-23
588,Aditya Kumar,Male,41,Surat,West,2022-08-28
623,Vikram Patel,Male,24,Coimbatore,South,2022-12-26
1,Jiya Gupta,Female,37,Bangalore,South,2022-12-23
1123,Aadhya Iyer,Female,34,Dehradun,North,01-02-2022
832,Rahul Das,Male,28,Pune,West,08-11-2022
617,Geeta Nair,Female,29,Chennai,South,
1166,Amit Yadav,Male,34,Guwahati,East,2022-07-30
1261,Pooja Kumar,Female,18,Mumbai,West,2022-10-25
357,Amit Kumar,Male,43,Jaipur,North,2022-12-12
1636,Saanvi Yadav,Female,26,Coimbatore,South,2022-04-15
1362,Ishaan Patel,Male,32,Nagpur,West,2021-05-01
862,Vikram Sharma,Male,52,Jaipur,North,2022-11-02
1665,Kavita Gupta,Female,43,Surat,West,2022-07-06
261,Riya Singh,Female,22,Ranchi,East,
1536,Geeta Yadav,Other,18,Patna,East,2022-11-03
606,Ishaan Reddy,Male,40,Nagpur,West,2022-12-22
1671,Rahul Sharma,Male,32,Hyderabad,South,2022-09-04
669,Jiya Iyer,Female,37,Surat,West,2022-08-12
837,Ravi Bose,Male,43,Ahmedabad,West,
1864,Sai Choudhury,Male,45,Ranchi,East,2022-08-07
634,Ravi Iyer,Male,30,Coimbatore,South,2022-08-24
1039,Sara Patel,Female,33,Mumbai,West,
616,Sara Roy,Female,39,Nagpur,West,2022-12-18
1936,Sanjay Bose,Male,40,Kolkata,East,2022-07-31
1534,Priya Joshi,Female,37,Nagpur,West,2022-12-08
1417,Arun Gupta,Male,51,Kochi,South,2022-09-30
1277,Lakshmi Sharma,Female,39,Pune,West,2021-12-16
1706,Raj Menon,Male,43,Surat,West,2022-07-10
1361,Ravi Verma,Male,38,Chandigarh,North,2022-12-07
144,Kavita Desai,Female,24,Dehradun,North,2021-10-27
884,Deepak Reddy,Male,28,Guwahati,East,2022-04-19
746,Geeta Singh,Female,21,Surat,West,2022-11-26
404,Vikram Bose,Male,46,Chandigarh,North,22-04-2022
1374,Lakshmi Iyer,Female,18,Nagpur,West,2022-07-13
1103,Aditya Patel,Male,33,Delhi,North,2022-12-25
1065,Ananya Rao,Female,31,Mumbai,West,2022-12-04
4,Reyansh Sen,Male,18,Bhubaneswar,East,2020-12-11
1670,Neha Menon,Female,30,Chandigarh,North,2022-11-22
1614,Lakshmi Nair,Female,31,Ahmedabad,West,
522,Arjun Gupta,Male,53,Ranchi,East,
1664,Sai Patel,Male,18,Lucknow,North,2022-12-26
1694,Arjun Roy,Male,49,Surat,West,08-12-2021
1822,Ravi Mehta,Male,32,Surat,West,2022-12-16
1627,Aarav Kumar,Male,44,Nagpur,West,2022-10-05
1048,Vikram Shah,Male,35,Ranchi,East,2022-02-17
1242,Manoj Pandey,Male,22,Bangalore,South,2021-08-18
894,Aarav Bose,Male,50,Patna,East,2022-11-04
1610,Ishaan Sharma,Male,48,Chennai,South,16-04-2022
708,Raj Roy,Male,23,Delhi,North,2021-09-11
890,Anita Sen,Female,41,Surat,West,2022-05-05
1824,Priya Nair,Female,28,Lucknow,North,2022-12-21
223,Amit Kumar,Male,18,Surat,West,2022-10-28
79,Raj Desai,Male,26,Ranchi,East,2020-12-30
1553,Rahul Shah,Male,49,Mumbai,West,2021-02-24
1190,Pooja Mukherjee,Female,44,Coimbatore,South,2022-10-08
1791,Meera Mehta,Female,31,Chandigarh,North,2021-12-31
1578,Sai Shah,Male,49,Chandigarh,North,2022-11-27
1846,Vikram Gupta,Male,47,Delhi,North,2022-10-03
57,Vikram Joshi,Male,26,Guwahati,East,2022-07-17
679,Ishaan Gupta,Male,52,Ranchi,East,2022-11-16
1663,Myra Mukherjee,Female,30,Surat,West,2022-12-22
1392,Vikram Reddy,Male,32,Jaipur,North,2022-11-29
819,Geeta Gupta,Other,18,Chandigarh,North,2022-10-15
1837,Neha Mukherjee,Female,28,Delhi,North,2022-07-28
1314,Ananya Sen,Female,33,Kochi,South,09-12-2021
720,Kavita Iyer,Female,38,Jaipur,North,19-06-2022
572,Pooja Desai,Female,22,Surat,West,26-09-2022
1921,Diya Mehta,Female,26,Kochi,South,2022-08-28
1964,Sara Shah,Female,53,Mumbai,West,
673,Arjun Desai,Male,46,Surat,West,2022-12-25
817,Rahul Choudhury,Male,48,Mumbai,West,2022-10-11
396,Sara Verma,Female,34,Mumbai,West,2022-08-29
1748,Lakshmi Nair,Female,38,Pune,West,2021-10-25
49,Vikram Singh,Male,41,Surat,West,2022-03-20
457,Neha Mukherjee,Female,53,Guwahati,East,2022-01-07
1918,Arun Joshi,Male,18,Lucknow,North,2022-10-06
626,Krishna Thakur,Male,18,Patna,East,2021-04-29
717,Arun Verma,Male,29,Chandigarh,North,2022-01-09
943,Arun Gupta,Male,37,Coimbatore,South,2022-09-06
409,Kavita Menon,Female,35,Pune,West,2022-09-26
456,Reyansh Joshi,Male,26,Surat,West,2021-12-19
964,Priya Mehta,Female,40,Lucknow,North,2022-08-08
80,Sara Singh,Female,29,Kolkata,East,2022-12-22
784,Sanjay Kumar,Male,35,Kochi,South,2022-11-01
222,Raj Gupta,Male,40,Mumbai,West,2022-09-09
1971,Deepak Bose,Male,30,Hyderabad,South,
1959,Deepak Pandey,Male,43,Pune,West,2022-12-08
1807,Raj Bose,Male,45,Ranchi,East,2022-09-09
509,Neha Gupta,Female,27,Delhi,North,2022-11-16
1576,Neha Patel,Female,29,Bhubaneswar,East,2021-08-13
844,Lakshmi Mehta,Female,24,Chennai,South,2022-10-18
681,Pooja Roy,Female,34,Chandigarh,North,2022-11-27
368,Amit Pandey,Male,38,Chandigarh,North,2021-11-28
51,Jiya Pandey,Female,54,Chennai,South,2020-12-21
845,Saanvi Kumar,Female,31,Kochi,South,
363,Vikram Sharma,Male,38,Lucknow,North,2022-11-03
333,Aarav Rao,Male,29,Kochi,South,2022-11-26
1645,Neha Roy,Female,29,Delhi,North,2022-09-10
317,Neha Bose,Other,38,Patna,East,2022-07-18
1272,Vikram Sen,Male,30,Bhubaneswar,East,2022-04-01
1643,Arun Nair,Male,34,Bangalore,South,2022-12-31
1147,Vikram Bose,Male,39,Nagpur,West,2022-09-21
725,Manoj Pandey,Male,37,Patna,East,2022-08-16
211,Aadhya Shah,Female,18,Patna,East,2021-12-04
1366,Geeta Shah,Female,29,Delhi,North,2021-11-24
1656,Sara Nair,Female,47,Nagpur,West,2021-09-18
1810,Manoj Kumar,Male,18,Hyderabad,South,2021-05-23
431,Ravi Nair,Male,18,Bangalore,South,2022-11-04
733,Sara Das,Female,41,Nagpur,West,2021-06-06
1587,Anita Gupta,Female,37,Surat,West,2022-11-03
747,Reyansh Bose,Male,23,Nagpur,West,2022-11-04
632,Arun Menon,Male,36,Lucknow,North,
86,Arjun Verma,Male,28,Kolkata,East,2022-12-02
262,Ananya Verma,Female,40,Hyderabad,South,2022-11-09
881,Aadhya Patel,Female,18,Pune,West,2022-10-25
304,Aditya Menon,Male,32,Jaipur,North,2021-04-30
1132,Deepak Das,Male,29,Bangalore,South,2021-07-29
1193,Anita Kumar,Female,43,Bhubaneswar,East,2021-10-26
1834,Ishaan Nair,Male,18,Dehradun,North,2022-12-31
74,Amit Mukherjee,Male,35,Surat,West,2022-12-30
1118,Ravi Gupta,Male,41,Jaipur,North,2022-11-09
306,Meera Sen,Female,55,Kochi,South,2022-05-09
1416,Aarav Choudhury,Male,29,Jaipur,North,
1655,Neha Mukherjee,Female,38,Patna,East,2022-08-17
1768,Anita Verma,Female,18,Surat,West,30-09-2022
1778,Manoj Sen,Male,34,Mumbai,West,19-07-2022
1149,Kavita Rao,Female,47,Lucknow,North,2022-11-16
876,Diya Gupta,Female,55,Nagpur,West,2022-08-24
1446,Ishaan Bose,Male,39,Jaipur,North,19-09-2020
1130,Aadhya Menon,Female,18,Kolkata,East,2022-04-10
905,Priya Gupta,Female,49,Chandigarh,North,2022-11-29
1777,Arjun Joshi,Male,18,Jaipur,North,22-09-2022
537,Arjun Menon,Male,22,Chennai,South,2022-04-02
1305,Pooja Rao,Female,50,Nagpur,West,
268,Reyansh Pandey,Male,34,Pune,West,2022-10-18
684,Priya Roy,Female,28,Bhubaneswar,East,2022-11-17
8,Jiya Shah,Female,42,Surat,West,2022-08-28
91,Riya Das,Female,36,Pune,West,
567,Ananya Mukherjee,Female,59,Coimbatore,South,2021-04-28
1681,Meera Singh,Female,46,Guwahati,East,2022-12-05
1300,Meera Bose,Other,37,Nagpur,West,2022-08-03
1949,Lakshmi Bose,Female,37,Chandigarh,North,2022-05-19
105,Kavita Sen,Female,46,Pune,West,2022-10-10
1817,Anita Mehta,Female,33,Jaipur,North,2022-10-03
1770,Sai Mukherjee,Male,25,Nagpur,West,2022-01-03
1036,Aadhya Yadav,Female,43,Coimbatore,South,2021-04-30
541,Lakshmi Patel,Female,31,Chandigarh,North,2022-09-18
1299,Jiya Thakur,Female,38,Patna,East,2022-06-06
1408,Neha Gupta,Female,18,Pune,West,2022-11-05
417,Ravi Patel,Male,33,Lucknow,North,15-10-2022
703,Rahul Rao,Male,29,Kolkata,East,2022-10-25
1470,Sanjay Mehta,Male,18,Dehradun,North,2022-11-24
432,Arun Sen,Male,33,Pune,West,2022-10-27
1239,Manoj Reddy,Male,34,Delhi,North,2022-09-18
578,Priya Verma,Female,39,Mumbai,West,2022-07-31
558,Aditya Desai,Male,47,Dehradun,North,2022-07-17
1954,Jiya Bose,Female,45,Coimbatore,South,2022-12-16
1816,Myra Sen,Female,29,Kochi,South,2022-07-22
1521,Aadhya Bose,Female,37,Bangalore,South,2022-05-04
220,Vikram Sharma,Male,40,Lucknow,North,2022-12-27
237,Rahul Patel,Male,30,Pune,West,2022-02-01
1942,Krishna Bose,Male,18,Nagpur,West,2022-12-07
276,Sara Mukherjee,Female,32,Bhubaneswar,East,2021-06-29
213,Ravi Nair,Male,48,Delhi,North,13-08-2022
1359,Diya Joshi,Female,18,Ranchi,East,2022-12-08
614,Diya Shah,Female,24,Surat,West,2022-11-19
1136,Myra Choudhury,Female,26,Patna,East,2022-09-28
1368,Vivaan Roy,Male,24,Bhubaneswar,East,2022-10-11
17,Krishna Sharma,Male,42,Mumbai,West,2022-10-04
1818,Lakshmi Thakur,Female,28,Mumbai,West,2022-12-20
1340,Deepak Yadav,Male,43,Jaipur,North,2022-10-25
1253,Arjun Rao,Male,35,Ahmedabad,West,2022-04-06
620,Vivaan Joshi,Male,18,Dehradun,North,
1441,Diya Sharma,Female,30,Pune,West,2022-06-06
1113,Reyansh Sen,Male,46,Delhi,North,2022-10-26
1728,Neha Menon,Female,36,Jaipur,North,2022-12-31
1800,Aditya Patel,Male,31,Coimbatore,South,2022-09-29
584,Meera Joshi,Female,48,Hyderabad,South,2022-04-15
757,Anita Iyer,Female,23,Lucknow,North,2022-10-28
501,Sara Verma,Female,28,Kochi,South,2022-09-17
1598,Pooja Patel,Female,44,Chandigarh,North,2022-05-13
715,Anita Pandey,Female,42,Kolkata,East,2022-07-16
272,Aadhya Verma,Female,22,Surat,West,2021-10-15
1572,Arjun Sharma,Male,40,Kolkata,East,2022-08-03
1037,Anita Patel,Female,27,Dehradun,North,2022-11-05
437,Deepak Mehta,Male,18,Chennai,South,2022-07-30
1102,Ravi Choudhury,Male,31,Lucknow,North,02-12-2021
151,Kavita Nair,Female,56,Nagpur,West,2022-08-23
205,Ravi Das,Male,46,Mumbai,West,2022-12-23
1154,Anita Choudhury,Female,34,Ranchi,East,2022-10-27
1273,Pooja Kumar,Female,18,Surat,West,2022-11-26
939,Aadhya Sharma,Female,18,Hyderabad,South,
20,Kavita Mukherjee,Female,35,Coimbatore,South,2022-09-11
149,Raj Iyer,Male,39,Nagpur,West,
1540,Pooja Kumar,Female,42,Bangalore,South,2022-04-07
1579,Rahul Roy,Male,41,Ranchi,East,2022-12-11
937,Aditya Nair,Male,42,Nagpur,West,2022-06-30
615,Sai Nair,Male,38,Ahmedabad,West,2022-06-28
1322,Neha Iyer,Female,48,Dehradun,North,2022-09-13
1731,Vivaan Kumar,Male,29,Surat,West,2022-07-02
269,Krishna Verma,Male,35,Ahmedabad,West,2022-12-17
1858,Rahul Choudhury,Male,18,Nagpur,West,2022-08-13
1633,Manoj Sen,Male,28,Delhi,North,2022-12-07
489,Rahul Thakur,Male,45,Kochi,South,2022-11-30
644,Vikram Rao,Male,42,Ahmedabad,West,2022-12-13
1973,Meera Roy,Female,18,Ahmedabad,West,2022-12-12
1372,Vivaan Menon,Male,57,Nagpur,West,27-06-2022
419,Meera Reddy,Female,36,Coimbatore,South,08-07-2022
535,Aditya Patel,Male,36,Pune,West,2022-12-18
648,Geeta Choudhury,Other,28,Nagpur,West,2022-11-08
1071,Riya Desai,Female,30,Coimbatore,South,2022-10-06
1158,Krishna Shah,Male,36,Lucknow,North,2022-02-11
1842,Krishna Sen,Male,41,Surat,West,2022-05-23
1347,Manoj Patel,Male,38,Surat,West,2022-11-05
859,Ravi Joshi,Male,29,Patna,East,2022-07-02
168,Ravi Thakur,Male,25,Patna,East,2021-09-08
1269,Kavita Desai,Female,24,Jaipur,North,2022-12-28
82,Jiya Iyer,Other,46,Pune,West,2022-02-10
1218,Ananya Kumar,Female,45,Lucknow,North,2021-03-12
1186,Jiya Pandey,Female,40,Delhi,North,2022-06-28
505,Sai Patel,Male,46,Dehradun,North,2022-12-08
1167,Meera Singh,Female,33,Coimbatore,South,2022-12-25
246,Vikram Desai,Male,44,Ranchi,East,13-10-2022
827,Rahul Sen,Male,40,Surat,West,2022-09-13
482,Arun Yadav,Male,44,Chandigarh,North,2022-12-22
1383,Myra Singh,Female,23,Nagpur,West,2021-09-14
140,Riya Mehta,Female,18,Chennai,South,2022-07-01
1219,Sara Joshi,Female,37,Hyderabad,South,20-12-2022
141,Geeta Menon,Female,18,Hyderabad,South,2021-03-25
381,Diya Pandey,Female,31,Pune,West,2022-10-14
165,Vikram Gupta,Male,18,Chennai,South,
1041,Sai Menon,Male,48,Ahmedabad,West,2022-11-06
117,Neha Thakur,Female,45,Bangalore,South,2022-10-25
323,Saanvi Sharma,Female,38,Kolkata,East,2022-12-25
1088,Priya Sharma,Female,25,Kolkata,East,2022-07-22
1030,Ravi Pandey,Male,18,Chennai,South,2022-12-18
977,Arjun Yadav,Male,18,Mumbai,West,2022-06-16
1197,Raj Patel,Male,28,Ahmedabad,West,2022-09-25
103,Rahul Patel,Male,42,Pune,West,2022-02-07
118,Manoj Desai,Male,31,Coimbatore,South,2022-08-11
643,Vikram Verma,Male,40,Coimbatore,South,2022-11-24
1532,Diya Iyer,Female,41,Patna,East,
1755,Priya Nair,Female,42,Guwahati,East,2022-02-01
1111,Anita Singh,Female,18,Delhi,North,2022-08-12
1507,Priya Sharma,Female,26,Kochi,South,2022-12-15
1187,Sai Verma,Male,40,Hyderabad,South,2022-11-25
120,Neha Iyer,Female,51,Coimbatore,South,2022-11-25
446,Amit Joshi,Male,47,Surat,West,2022-12-29
608,Meera Choudhury,Female,38,Kolkata,East,2022-12-23
389,Anita Das,Other,48,Ahmedabad,West,2022-10-22
318,Sai Sen,Male,38,Mumbai,West,2022-10-16
997,Reyansh Roy,Male,18,Surat,West,2022-12-28
1472,Ananya Menon,Female,42,Chennai,South,2022-05-07
1356,Diya Choudhury,Female,48,Ahmedabad,West,2022-05-03
1139,Sanjay Das,Male,55,Bangalore,South,2022-06-13
1605,Kavita Iyer,Female,28,Ahmedabad,West,2022-12-08
1497,Sai Choudhury,Male,22,Delhi,North,2022-12-07
1427,Kavita Singh,Female,44,Kolkata,East,2021-05-19
1741,Deepak Patel,Male,39,Ahmedabad,West,2022-07-07
585,Myra Iyer,Female,38,Chandigarh,North,2022-07-12
932,Sai Choudhury,Male,49,Chennai,South,2022-04-03
1608,Rahul Desai,Male,44,Coimbatore,South,2022-12-22
1606,Diya Sharma,Female,40,Nagpur,West,
544,Saanvi Menon,Female,29,Chennai,South,2022-07-01
800,Diya Nair,Female,43,Surat,West,2022-10-26
5,Raj Patel,Male,21,Dehradun,North,2022-05-22
777,Geeta Sharma,Female,38,Dehradun,North,2022-11-28
338,Deepak Reddy,Male,34,Ahmedabad,West,2021-10-15
1710,Aarav Menon,Male,18,Chennai,South,20-11-2022
1869,Lakshmi Menon,Female,39,Chennai,South,2022-08-30
438,Jiya Menon,Female,28,Nagpur,West,2021-10-21
986,Arun Pandey,Male,39,Hyderabad,South,2022-11-15
1700,Riya Joshi,Female,24,Kolkata,East,2022-12-02
833,Rahul Roy,Male,44,Bhubaneswar,East,2022-04-23
341,Myra Gupta,Female,53,Patna,East,2022-10-27
485,Neha Patel,Female,18,Dehradun,North,2020-12-17
1544,Neha Verma,Female,21,Ahmedabad,West,2022-10-31
1981,Aadhya Verma,Female,24,Coimbatore,South,2022-08-05
31,Pooja Yadav,Female,20,Dehradun,North,2022-11-10
1108,Kavita Iyer,Female,32,Jaipur,North,2021-11-20
1336,Myra Gupta,Female,39,Bangalore,South,2022-12-13
104,Saanvi Bose,Female,42,Pune,West,2022-11-29
201,Sara Verma,Female,37,Surat,West,2021-04-20
1128,Jiya Singh,Female,42,Nagpur,West,2022-06-12
908,Arjun Das,Male,34,Ahmedabad,West,2022-10-29
155,Meera Mukherjee,Female,28,Pune,West,2022-12-15
512,Meera Bose,Female,24,Guwahati,East,2022-12-05
948,Aadhya Kumar,Female,33,Guwahati,East,
1702,Aditya Sharma,Male,24,Chennai,South,2022-12-05
376,Sanjay Desai,Male,38,Dehradun,North,2022-11-23
1825,Rahul Iyer,Male,25,Patna,East,2022-12-14
288,Ishaan Nair,Male,29,Kochi,South,2022-06-24
919,Deepak Nair,Male,46,Patna,East,
1937,Pooja Kumar,Female,47,Bangalore,South,07-07-2022
1687,Lakshmi Desai,Female,47,Ranchi,East,2022-11-07
393,Jiya Reddy,Other,34,Chandigarh,North,2021-11-29
510,Reyansh Singh,Male,28,Delhi,North,2022-08-03
224,Diya Singh,Female,40,Guwahati,East,2022-06-14
1640,Amit Bose,Male,25,Pune,West,2021-01-28
695,Deepak Yadav,Male,43,Bhubaneswar,East,2022-12-12
1492,Aditya Rao,Male,27,Pune,West,2022-04-03
825,Aadhya Das,Female,32,Guwahati,East,2022-07-06
125,Arjun Choudhury,Male,43,Ahmedabad,West,2022-09-22
202,Riya Thakur,Female,18,Kochi,South,2022-04-18
1324,Priya Mehta,Female,28,Bangalore,South,2021-08-24
1339,Ishaan Sharma,Male,39,Bhubaneswar,East,
1380,Aarav Rao,Male,41,Hyderabad,South,2022-12-20
111,Raj Nair,Male,39,Ranchi,East,2022-07-05
1890,Jiya Rao,Female,32,Guwahati,East,2022-05-17
957,Sara Verma,Female,44,Coimbatore,South,2022-12-27
842,Sai Singh,Male,24,Delhi,North,09-10-2022
868,Arjun Choudhury,Male,23,Chennai,South,2022-02-24
726,Kavita Thakur,Female,38,Ahmedabad,West,2022-11-14
883,Rahul Bose,Male,23,Jaipur,North,2022-07-22
1350,Diya Patel,Female,53,Dehradun,North,
1947,Vivaan Nair,Male,43,Ranchi,East,2019-05-21
194,Ananya Menon,Female,28,Hyderabad,South,
390,Myra Mukherjee,Female,44,Mumbai,West,
834,Saanvi Desai,Female,21,Kolkata,East,2021-10-13
1654,Priya Iyer,Female,50,Bangalore,South,2022-12-06
1693,Anita Thakur,Female,35,Patna,East,2021-02-18
1607,Anita Verma,Female,28,Hyderabad,South,2022-11-05
498,Vikram Das,Male,31,Chandigarh,North,2022-03-03
969,Amit Nair,Male,26,Ahmedabad,West,
1181,Manoj Sen,Male,32,Pune,West,14-01-2021
1170,Ishaan Yadav,Male,22,Hyderabad,South,2022-11-30
1482,Pooja Patel,Female,55,Patna,East,2020-11-22
271,Vivaan Gupta,Male,28,Patna,East,2022-12-19
1739,Vikram Shah,Male,44,Ranchi,East,2022-12-22
439,Arjun Iyer,Male,37,Bangalore,South,2021-09-13
995,Vikram Iyer,Male,24,Pune,West,2022-08-31
1371,Sanjay Choudhury,Male,32,Delhi,North,2022-05-25
571,Geeta Pandey,Female,48,Chennai,South,2022-05-10
488,Vikram Roy,Male,29,Ahmedabad,West,03-07-2022
1053,Manoj Gupta,Male,23,Hyderabad,South,2022-12-19
1713,Aarav Kumar,Male,41,Bhubaneswar,East,2020-04-02
677,Priya Mukherjee,Other,18,Pune,West,2022-09-08
65,Diya Patel,Female,31,Chennai,South,2022-03-21
139,Sai Sen,Male,49,Chandigarh,North,2022-07-23
469,Amit Patel,Male,32,Chandigarh,North,2022-07-19
121,Aadhya Thakur,Female,45,Bhubaneswar,East,
1293,Deepak Yadav,Male,22,Jaipur,North,2022-12-15
1450,Neha Gupta,Female,32,Hyderabad,South,2022-12-29
146,Vikram Menon,Male,31,Surat,West,2022-11-20
15,Meera Roy,Female,40,Nagpur,West,07-05-2022
1968,Krishna Shah,Male,35,Coimbatore,South,2022-12-01
1206,Lakshmi Patel,Female,18,Patna,East,2021-06-02
472,Amit Das,Male,50,Jaipur,North,2022-12-05
1135,Amit Menon,Male,29,Kochi,South,31-12-2022
1205,Sai Mehta,Male,35,Mumbai,West,2022-09-14
44,Arjun Iyer,Male,31,Mumbai,West,2022-08-23
693,Manoj Mehta,Male,34,Mumbai,West,2022-05-19
132,Lakshmi Das,Female,33,Ahmedabad,West,2022-09-18
461,Sara Rao,Female,25,Surat,West,2022-03-06
508,Kavita Choudhury,Female,43,Mumbai,West,2022-07-26
248,Lakshmi Thakur,Other,27,Delhi,North,2022-07-07
925,Pooja Reddy,Female,26,Ranchi,East,2022-02-17
1060,Vivaan Sen,Male,18,Bangalore,South,2022-01-03
898,Vivaan Rao,Male,29,Ahmedabad,West,2022-06-16
765,Ananya Choudhury,Female,27,Hyderabad,South,2022-11-21
1972,Vikram Menon,Male,18,Ranchi,East,08-07-2022
1376,Lakshmi Joshi,Female,18,Dehradun,North,04-08-2022
1841,Geeta Nair,Female,18,Kochi,South,2021-10-11
639,Manoj Mukherjee,Male,32,Kolkata,East,2022-05-18
1461,Arjun Mehta,Male,50,Kolkata,East,2022-07-27
412,Anita Das,Female,19,Chennai,South,2022-09-11
1413,Aditya Das,Male,34,Pune,West,2022-11-12
1939,Neha Yadav,Other,32,Ahmedabad,West,2021-07-03
1547,Ravi Nair,Male,41,Pune,West,2022-08-17
1776,Lakshmi Kumar,Female,42,Ahmedabad,West,
434,Aadhya Nair,Female,58,Coimbatore,South,2022-10-09
867,Sara Joshi,Female,37,Lucknow,North,2022-09-17
1243,Riya Mukherjee,Female,26,Coimbatore,South,2022-04-06
1081,Aarav Desai,Male,28,Hyderabad,South,2022-09-30
1853,Arun Reddy,Male,29,Patna,East,2021-09-18
339,Vivaan Thakur,Male,27,Mumbai,West,2022-08-23
1126,Meera Patel,Female,53,Dehradun,North,2022-12-17
974,Vikram Sen,Male,42,Mumbai,West,2022-12-12
1352,Meera Mukherjee,Female,18,Bangalore,South,2021-05-04
263,Arun Joshi,Male,40,Coimbatore,South,12-11-2022
258,Sara Mehta,Female,23,Delhi,North,2022-05-19
1569,Sai Pandey,Male,42,Nagpur,West,2022-07-14
1091,Geeta Rao,Female,47,Hyderabad,South,2021-11-26
1558,Kavita Bose,Female,32,Guwahati,East,2022-11-11
142,Sanjay Menon,Male,28,Surat,West,2020-10-27
1672,Lakshmi Menon,Female,51,Lucknow,North,2022-06-08
996,Sara Mehta,Female,27,Guwahati,East,2022-11-20
1499,Aarav Rao,Male,26,Dehradun,North,2022-09-28
176,Geeta Sharma,Other,24,Chennai,South,2022-11-14
1933,Myra Shah,Female,34,Dehradun,North,2022-10-19
1865,Priya Kumar,Female,37,Patna,East,2022-12-31
494,Priya Desai,Female,45,Delhi,North,2022-12-04
119,Sanjay Sen,Male,40,Dehradun,North,2022-12-01
491,Sai Sen,Male,40,Kolkata,East,2022-12-24
630,Saanvi Joshi,Female,48,Kolkata,East,
1941,Jiya Mehta,Female,24,Jaipur,North,2022-04-12
1704,Sara Yadav,Female,19,Nagpur,West,2022-03-08
744,Vivaan Menon,Male,41,Mumbai,West,2022-09-30
230,Riya Das,Female,33,Mumbai,West,
40,Sara Pandey,Female,45,Jaipur,North,2021-10-29
1001,Krishna Roy,Male,34,Delhi,North,2022-12-16
664,Riya Yadav,Female,28,Patna,East,2022-03-13
1227,Sanjay Desai,Male,41,Ahmedabad,West,2022-01-25
2,Aadhya Singh,Female,35,Kolkata,East,2022-12-23
1087,Rahul Yadav,Male,34,Chennai,South,2022-12-03
1595,Sanjay Thakur,Male,61,Chennai,South,
1105,Krishna Sharma,Male,48,Nagpur,West,2022-12-29
331,Pooja Shah,Female,42,Nagpur,West,2022-06-18
1562,Saanvi Shah,Female,36,Ranchi,East,2022-02-24
766,Rahul Mehta,Male,35,Surat,West,2022-09-13
1830,Jiya Kumar,Female,31,Guwahati,East,30-08-2022
1974,Amit Reddy,Male,37,Lucknow,North,2022-08-29
1894,Sara Iyer,Female,29,Jaipur,North,2022-04-16
1790,Ananya Pandey,Female,21,Nagpur,West,2022-06-27
1309,Meera Thakur,Female,34,Delhi,North,2022-11-28
1724,Pooja Choudhury,Female,38,Nagpur,West,2022-12-02
612,Diya Sen,Other,45,Patna,East,2021-05-21
1281,Saanvi Yadav,Female,26,Pune,West,2022-07-08
1783,Saanvi Verma,Female,35,Ahmedabad,West,2022-11-10
218,Ishaan Pandey,Male,40,Mumbai,West,2021-02-06
1040,Amit Verma,Male,40,Chandigarh,North,2022-08-29
366,Riya Gupta,Female,52,Kolkata,East,2022-12-07
1561,Priya Roy,Female,31,Delhi,North,2022-08-12
1026,Ishaan Rao,Male,25,Ranchi,East,
540,Riya Iyer,Female,36,Dehradun,North,2022-01-21
1474,Pooja Das,Other,32,Guwahati,East,2021-12-24
1794,Arun Bose,Male,30,Hyderabad,South,2022-12-08
1479,Kavita Nair,Female,29,Nagpur,West,2022-07-10
7,Sai Roy,Male,38,Dehradun,North,2022-10-14
930,Aditya Das,Male,27,Mumbai,West,2022-07-02
324,Sai Reddy,Male,42,Pune,West,2022-11-14
891,Kavita Bose,Female,42,Bhubaneswar,East,2022-12-08
602,Reyansh Desai,Male,39,Jaipur,North,2022-01-04
1999,Saanvi Desai,Female,24,Surat,West,2022-09-23
1956,Pooja Joshi,Female,37,Surat,West,2022-12-01
1313,Meera Singh,Female,46,Hyderabad,South,2022-12-12
1575,Amit Das,Male,43,Guwahati,East,28-08-2022
1899,Ravi Shah,Male,42,Patna,East,2022-08-16
1538,Ananya Yadav,Female,35,Lucknow,North,2022-10-03
1100,Vikram Das,Male,34,Ahmedabad,West,2022-09-09
1397,Priya Rao,Female,48,Bhubaneswar,East,
235,Arun Pandey,Male,38,Kolkata,East,2022-09-30
1477,Arun Joshi,Male,38,Coimbatore,South,2022-10-21
1826,Vivaan Iyer,Male,65,Coimbatore,South,2022-11-13
24,Sara Roy,Female,31,Delhi,North,2022-03-23
1763,Geeta Singh,Female,18,Nagpur,West,2022-12-12
1134,Aditya Sen,Male,33,Dehradun,North,2022-11-13
515,Anita Yadav,Female,33,Delhi,North,2022-11-29
1084,Kavita Shah,Female,37,Surat,West,2022-09-12
959,Vikram Sen,Male,40,Lucknow,North,2022-08-10
1221,Pooja Nair,Female,18,Kolkata,East,14-10-2022
782,Arun Verma,Male,40,Mumbai,West,2022-10-08
789,Ananya Mukherjee,Female,34,Bangalore,South,2022-11-09
131,Kavita Choudhury,Female,32,Ranchi,East,2022-04-20
1222,Aditya Mukherjee,Male,18,Dehradun,North,2022-11-21
1984,Myra Mukherjee,Female,50,Nagpur,West,2022-10-19
1394,Aditya Thakur,Male,30,Hyderabad,South,2022-08-05
1623,Aadhya Iyer,Female,42,Chennai,South,2022-12-23
328,Manoj Yadav,Male,26,Surat,West,2022-01-22
1286,Amit Sharma,Male,38,Guwahati,East,
314,Raj Joshi,Male,32,Bhubaneswar,East,2022-05-16
225,Priya Mukherjee,Female,41,Nagpur,West,2022-12-08
1764,Priya Menon,Female,31,Delhi,North,2022-11-27
97,Diya Singh,Female,25,Kolkata,East,2022-11-23
1548,Krishna Thakur,Male,34,Lucknow,North,2021-08-01
187,Neha Reddy,Other,34,Mumbai,West,26-09-2021
1011,Deepak Sharma,Male,37,Chennai,South,2022-08-13
1044,Deepak Reddy,Male,45,Jaipur,North,2022-06-22
284,Sai Bose,Male,23,Nagpur,West,10-10-2020
1881,Arun Pandey,Male,44,Bhubaneswar,East,2022-12-23
742,Aditya Bose,Male,21,Hyderabad,South,2022-12-11
818,Ananya Sharma,Female,41,Kochi,South,2022-08-26
1196,Meera Shah,Female,41,Mumbai,West,2022-10-29
1839,Anita Joshi,Female,29,Mumbai,West,2022-10-09
878,Jiya Sharma,Female,26,Ahmedabad,West,2022-04-22
1198,Diya Singh,Female,26,Pune,West,2022-12-29
1530,Reyansh Singh,Male,35,Mumbai,West,13-12-2022
539,Anita Shah,Female,42,Patna,East,2022-07-03
1104,Manoj Singh,Male,33,Pune,West,2022-03-16
1975,Saanvi Sharma,Female,18,Bhubaneswar,East,2022-12-12
1526,Raj Rao,Male,29,Bangalore,South,2021-12-22
506,Diya Pandey,Female,28,Surat,West,
1993,Saanvi Kumar,Female,40,Lucknow,North,2022-09-03
543,Aditya Gupta,Male,40,Surat,West,2022-07-29
293,Riya Singh,Female,36,Mumbai,West,2022-08-15
940,Raj Singh,Male,44,Coimbatore,South,2022-12-06
1317,Sara Roy,Female,45,Ranchi,East,2022-02-10
1812,Reyansh Singh,Male,29,Delhi,North,2022-11-11
811,Anita Rao,Female,25,Chandigarh,North,2022-10-10
1023,Anita Desai,Female,34,Surat,West,2022-09-29
1343,Pooja Singh,Female,18,Hyderabad,South,2020-11-17
436,Diya Pandey,Female,36,Surat,West,2022-12-22
645,Saanvi Sharma,Female,29,Delhi,North,2022-02-10
1471,Deepak Desai,Male,68,Jaipur,North,2022-08-06
1795,Deepak Sen,Male,49,Surat,West,2022-11-29
1162,Sara Pandey,Female,28,Coimbatore,South,2022-07-23
433,Sai Nair,Male,23,Kochi,South,2022-11-20
136,Arjun Thakur,Male,27,Nagpur,West,2022-12-06
549,Geeta Iyer,Female,45,Dehradun,North,
822,Arjun Gupta,Male,45,Bhubaneswar,East,
647,Aditya Bose,Male,50,Dehradun,North,2021-08-20
1649,Neha Sharma,Female,25,Lucknow,North,2022-11-12
1983,Diya Choudhury,Female,40,Chennai,South,2022-02-03
1684,Saanvi Shah,Other,26,Chandigarh,North,2021-10-04
470,Neha Yadav,Female,52,Dehradun,North,2022-06-26
115,Vivaan Mehta,Male,25,Coimbatore,South,2022-10-01
1590,Riya Desai,Female,21,Lucknow,North,
1574,Anita Reddy,Female,23,Nagpur,West,2022-10-01
1727,Ravi Singh,Male,34,Chandigarh,North,2022-10-16
665,Neha Mehta,Female,42,Surat,West,2022-12-03
1403,Rahul Patel,Male,41,Lucknow,North,
450,Aadhya Reddy,Female,23,Hyderabad,South,2022-03-19
1141,Arjun Bose,Male,30,Bangalore,South,2022-05-25
1410,Neha Thakur,Female,29,Bangalore,South,2022-12-12
1311,Aadhya Patel,Female,22,Ahmedabad,West,2022-07-07
553,Diya Mehta,Female,29,Ahmedabad,West,
778,Jiya Menon,Female,49,Delhi,North,22-10-2021
947,Meera Joshi,Female,21,Surat,West,2022-10-08
335,Geeta Verma,Other,37,Bhubaneswar,East,2022-02-02
1995,Pooja Iyer,Female,49,Guwahati,East,2022-01-04
1494,Rahul Patel,Male,49,Jaipur,North,2021-11-24
1094,Geeta Thakur,Female,53,Kochi,South,2022-04-22
351,Lakshmi Rao,Female,38,Guwahati,East,
1301,Sara Mukherjee,Female,39,Chandigarh,North,2022-05-17
1248,Geeta Mehta,Female,29,Mumbai,West,2022-12-16
147,Riya Mukherjee,Female,20,Mumbai,West,2022-10-19
1328,Geeta Thakur,Female,33,Pune,West,2022-12-29
1400,Vikram Gupta,Male,47,Kochi,South,2022-07-12
1438,Pooja Shah,Female,18,Ahmedabad,West,2022-06-19
547,Pooja Sen,Other,29,Ahmedabad,West,2022-12-09
1373,Pooja Kumar,Other,40,Dehradun,North,2022-01-23
430,Meera Kumar,Female,35,Mumbai,West,2021-01-14
728,Neha Desai,Female,48,Mumbai,West,2022-12-14
759,Deepak Desai,Male,45,Patna,East,2022-10-16
334,Arun Shah,Male,19,Kochi,South,2021-09-14
748,Saanvi Desai,Female,35,Chandigarh,North,2022-07-25
1709,Anita Choudhury,Female,26,Guwahati,East,2022-06-25
1302,Aditya Patel,Male,26,Surat,West,2022-02-01
929,Vikram Choudhury,Male,20,Chennai,South,2022-11-23
1955,Amit Rao,Male,37,Kolkata,East,2022-04-18
1948,Vivaan Joshi,Male,48,Bhubaneswar,East,
207,Neha Joshi,Female,38,Surat,West,2022-01-02
1775,Aarav Menon,Male,19,Delhi,North,2022-09-22
1979,Riya Das,Female,34,Ranchi,East,2022-12-05
1752,Manoj Mukherjee,Male,40,Coimbatore,South,2022-10-05
164,Pooja Yadav,Other,33,Ahmedabad,West,2022-01-02
593,Rahul Shah,Male,38,Pune,West,2021-12-14
1584,Reyansh Desai,Male,27,Pune,West,2022-05-14
467,Sara Bose,Female,32,Nagpur,West,2022-10-26
1355,Neha Pandey,Female,31,Coimbatore,South,2022-09-04
94,Raj Mukherjee,Male,50,Surat,West,2022-04-06
143,Geeta Patel,Female,23,Pune,West,
1443,Meera Roy,Female,18,Pune,West,
394,Pooja Mukherjee,Female,50,Bangalore,South,2022-10-13
1183,Aadhya Mehta,Female,36,Jaipur,North,2022-08-21
741,Anita Desai,Female,21,Dehradun,North,2022-11-04
1765,Vikram Sharma,Male,44,Mumbai,West,2021-09-01
1814,Arjun Patel,Male,41,Ranchi,East,2022-06-28
1267,Ishaan Joshi,Male,52,Pune,West,2022-12-27
1288,Arun Pandey,Male,37,Delhi,North,
1699,Lakshmi Das,Female,61,Kochi,South,
601,Rahul Kumar,Male,33,Ahmedabad,West,2022-09-10
1131,Deepak Reddy,Male,41,Delhi,North,2022-12-23
162,Pooja Sharma,Female,42,Mumbai,West,2022-11-12
776,Rahul Gupta,Male,69,Dehradun,North,
1889,Rahul Patel,Male,30,Pune,West,2022-09-12
256,Priya Shah,Female,30,Chandigarh,North,2022-11-02
1099,Riya Yadav,Female,43,Pune,West,2022-06-26
941,Riya Sharma,Female,20,Ranchi,East,2022-02-22
1495,Sara Menon,Female,26,Mumbai,West,2022-11-05
89,Manoj Kumar,Male,33,Surat,West,2021-01-27
1653,Vikram Sen,Male,52,Nagpur,West,2022-12-31
542,Sara Thakur,Female,43,Bhubaneswar,East,2022-08-23
1237,Arun Reddy,Male,35,Mumbai,West,2021-10-02
705,Jiya Thakur,Female,29,Nagpur,West,20-04-2021
1736,Kavita Bose,Female,18,Ranchi,East,2021-07-28
736,Priya Menon,Female,57,Kochi,South,2022-06-14
199,Ravi Mehta,Male,34,Bangalore,South,2022-11-13
779,Kavita Choudhury,Female,26,Guwahati,East,2022-09-09
190,Anita Thakur,Other,60,Nagpur,West,2022-10-14
1991,Aditya Menon,Male,21,Nagpur,West,2022-11-30
690,Diya Choudhury,Female,49,Lucknow,North,2022-06-19
1564,Vivaan Thakur,Male,35,Nagpur,West,2022-10-19
441,Rahul Thakur,Male,43,Pune,West,23-04-2021
319,Kavita Patel,Female,40,Surat,West,2021-11-30
1965,Ananya Verma,Female,42,Pune,West,2022-12-27
697,Amit Sharma,Male,61,Ahmedabad,West,2022-11-12
866,Neha Shah,Other,59,Surat,West,
1430,Raj Das,Male,27,Ahmedabad,West,2022-05-02
327,Pooja Das,Female,40,Surat,West,2022-12-16
1651,Ishaan Roy,Male,18,Bangalore,South,2022-09-27
1555,Sanjay Singh,Male,44,Pune,West,
14,Arun Patel,Male,46,Lucknow,North,2022-11-04
1781,Lakshmi Menon,Female,18,Bhubaneswar,East,2022-09-19
1658,Arjun Mehta,Male,34,Pune,West,2022-01-16
570,Jiya Reddy,Female,43,Delhi,North,2022-11-22
1207,Krishna Verma,Male,38,Pune,West,26-12-2021
920,Ravi Rao,Male,21,Chennai,South,2022-08-25
452,Priya Reddy,Female,22,Mumbai,West,2021-08-11
860,Kavita Nair,Female,33,Ahmedabad,West,2022-01-17
1987,Diya Mehta,Female,30,Hyderabad,South,2022-10-03
1437,Ishaan Desai,Male,31,Surat,West,
1331,Anita Choudhury,Female,20,Dehradun,North,2021-10-14
1467,Aditya Das,Male,35,Kolkata,East,2020-10-22
408,Vikram Shah,Male,52,Delhi,North,2022-09-11
1150,Aarav Mukherjee,Male,22,Jaipur,North,2021-07-20
55,Krishna Iyer,Male,32,Dehradun,North,14-04-2022
1233,Lakshmi Menon,Female,41,Surat,West,2022-05-16
1035,Jiya Rao,Female,18,Kochi,South,2021-08-09
477,Riya Choudhury,Female,35,Pune,West,08-04-2022
448,Deepak Nair,Male,46,Ahmedabad,West,2022-08-06
192,Amit Singh,Male,24,Jaipur,North,2022-12-08
62,Neha Mehta,Female,36,Lucknow,North,2022-08-19
66,Ravi Sen,Male,45,Surat,West,2021-04-17
865,Vikram Desai,Male,60,Pune,West,2022-09-04
1210,Ishaan Yadav,Male,35,Chandigarh,North,2022-02-04
179,Meera Sen,Female,27,Guwahati,East,2020-03-01
1117,Deepak Singh,Male,18,Ranchi,East,2021-11-01
1828,Ravi Verma,Male,27,Lucknow,North,2022-11-24
1517,Deepak Bose,Male,19,Kochi,South,
1386,Saanvi Nair,Female,53,Nagpur,West,2022-10-17
210,Priya Singh,Female,44,Kochi,South,2021-07-16
1509,Jiya Desai,Female,22,Ranchi,East,2022-11-06
286,Diya Thakur,Female,26,Delhi,North,
458,Diya Desai,Female,35,Ahmedabad,West,2022-04-15
502,Reyansh Reddy,Male,46,Bangalore,South,2022-06-28
564,Riya Roy,Female,40,Chennai,South,2021-04-17
1519,Sai Singh,Male,39,Delhi,North,2022-08-23
52,Saanvi Choudhury,Female,37,Guwahati,East,2022-12-10
229,Krishna Gupta,Male,23,Pune,West,2022-07-24
1310,Vivaan Singh,Male,35,Surat,West,2022-09-05
